A1,A2,A3,A4,A5,A6,B1,B1_1,B1_2,B1_3,B1_4,B1_5,B2,B2_1,B2_2,B2_3,B2_4,B2_5,B2_6,B2_7,B2_8,C1,C2,C3,D1,D2,E1,E2
male,18-34,secondary,low,region3,Urban,,FALSE,FALSE,FALSE,FALSE,FALSE,1 4 7,TRUE,FALSE,FALSE,TRUE,FALSE,FALSE,TRUE,FALSE,5,3,3,99,40,Neutral,I really enjoy meeting up with friends and would recommend it
male,35-54,secondary,middle,region1,Rural,2 4 5,FALSE,TRUE,FALSE,TRUE,TRUE,1 4 6,TRUE,FALSE,FALSE,TRUE,FALSE,TRUE,FALSE,FALSE,1,5,1,44,34,NA,I really enjoy meeting up with friends and find it rewarding
female,35-54,tertiary or higher,low,region1,Rural,2 3 4,FALSE,TRUE,TRUE,TRUE,FALSE,3 6 7,FALSE,FALSE,TRUE,FALSE,FALSE,TRUE,TRUE,FALSE,4,3,2,52,12,Dissatisfied,I would say reading in my spare time as much as I can
male,18-34,tertiary or higher,low,region3,Urban,5,FALSE,FALSE,FALSE,FALSE,TRUE,3 5 8,FALSE,FALSE,TRUE,FALSE,TRUE,FALSE,FALSE,TRUE,1,3,3,77,43,Neutral,I often find myself cooking at home and would recommend it
male,35-54,secondary,high,region1,Rural,5,FALSE,FALSE,FALSE,FALSE,TRUE,2 5 6,FALSE,TRUE,FALSE,FALSE,TRUE,TRUE,FALSE,FALSE,1,2,4,80,13,NA,Personally I think managing my schedule though it can be difficult
female,18-34,tertiary or higher,high,region3,Urban,1 3 5,TRUE,FALSE,TRUE,FALSE,TRUE,3 6,FALSE,FALSE,TRUE,FALSE,FALSE,TRUE,FALSE,FALSE,5,2,4,99,25,Strongly dissatisfied,I really enjoy meeting up with friends as much as I can
male,35-54,secondary,high,region3,Urban,2 4 5,FALSE,TRUE,FALSE,TRUE,TRUE,2 6 7,FALSE,TRUE,FALSE,FALSE,FALSE,TRUE,TRUE,FALSE,3,3,1,56,36,Dissatisfied,I would say meeting up with friends whenever possible
female,18-34,tertiary or higher,middle,region1,Rural,3 4 5,FALSE,FALSE,TRUE,TRUE,TRUE,6 7 8,FALSE,FALSE,FALSE,FALSE,FALSE,TRUE,TRUE,TRUE,4,5,1,102,37,NA,Personally I think spending time with family and would recommend it
male,18-34,tertiary or higher,low,region3,Urban,2 4,FALSE,TRUE,FALSE,TRUE,FALSE,2 5 8,FALSE,TRUE,FALSE,FALSE,TRUE,FALSE,FALSE,TRUE,4,3,1,79,48,Neutral,I often find myself staying on top of my health and would recommend it
male,18-34,primary,middle,region3,Urban,5,FALSE,FALSE,FALSE,FALSE,TRUE,5 8,FALSE,FALSE,FALSE,FALSE,TRUE,FALSE,FALSE,TRUE,3,2,5,86,28,Strongly dissatisfied,Most of the time I reading in my spare time though it can be difficult
female,35-54,secondary,low,region2,Rural,3,FALSE,FALSE,TRUE,FALSE,FALSE,3 4 6,FALSE,FALSE,TRUE,TRUE,FALSE,TRUE,FALSE,FALSE,2,1,2,74,18,Neutral,I really enjoy meeting up with friends when time allows
male,18-34,secondary,middle,region2,Rural,2 4 5,FALSE,TRUE,FALSE,TRUE,TRUE,5 8,FALSE,FALSE,FALSE,FALSE,TRUE,FALSE,FALSE,TRUE,2,3,3,92,46,NA,I often find myself reading in my spare time when time allows
male,18-34,secondary,middle,region2,Rural,4 5,FALSE,FALSE,FALSE,TRUE,TRUE,1 4 7,TRUE,FALSE,FALSE,TRUE,FALSE,FALSE,TRUE,FALSE,5,4,3,104,36,NA,I often find myself reading in my spare time though it can be difficult
female,35-54,secondary,low,region2,Rural,1 3,TRUE,FALSE,TRUE,FALSE,FALSE,6 7 8,FALSE,FALSE,FALSE,FALSE,FALSE,TRUE,TRUE,TRUE,4,5,2,60,32,Strongly dissatisfied,I often find myself learning new things though it can be difficult
female,18-34,tertiary or higher,low,region2,Rural,1 3,TRUE,FALSE,TRUE,FALSE,FALSE,1 4 7,TRUE,FALSE,FALSE,TRUE,FALSE,FALSE,TRUE,FALSE,4,4,3,88,37,Neutral,Personally I think learning new things and would recommend it
male,35-54,tertiary or higher,high,region1,Rural,1 3 4,TRUE,FALSE,TRUE,TRUE,FALSE,4 5 8,FALSE,FALSE,FALSE,TRUE,TRUE,FALSE,FALSE,TRUE,3,2,4,75,27,NA,I really enjoy keeping active outdoors when time allows
male,18-34,secondary,high,region1,Rural,,FALSE,FALSE,FALSE,FALSE,FALSE,4 5 7,FALSE,FALSE,FALSE,TRUE,TRUE,FALSE,TRUE,FALSE,4,3,3,97,39,Neutral,I would say travelling when I can as much as I can
female,18-34,secondary,middle,region3,Urban,1 3 5,TRUE,FALSE,TRUE,FALSE,TRUE,2 4 5,FALSE,TRUE,FALSE,TRUE,TRUE,FALSE,FALSE,FALSE,5,3,4,112,34,NA,Personally I think learning new things whenever possible
female,18-34,tertiary or higher,high,region3,Urban,1 3 4,TRUE,FALSE,TRUE,TRUE,FALSE,2 6 7,FALSE,TRUE,FALSE,FALSE,FALSE,TRUE,TRUE,FALSE,5,3,2,93,36,Dissatisfied,I really enjoy learning new things and find it rewarding
male,18-34,tertiary or higher,low,region1,Rural,1,TRUE,FALSE,FALSE,FALSE,FALSE,5 7 8,FALSE,FALSE,FALSE,FALSE,TRUE,FALSE,TRUE,TRUE,1,3,1,94,37,NA,In my experience cooking at home as much as I can
male,18-34,secondary,middle,region1,Rural,4 5,FALSE,FALSE,FALSE,TRUE,TRUE,2 7 8,FALSE,TRUE,FALSE,FALSE,FALSE,FALSE,TRUE,TRUE,2,3,3,85,39,NA,I would say managing my schedule when time allows
female,18-34,secondary,middle,region3,Urban,1 2 3,TRUE,TRUE,TRUE,FALSE,FALSE,3 6 8,FALSE,FALSE,TRUE,FALSE,FALSE,TRUE,FALSE,TRUE,3,4,2,101,40,Strongly dissatisfied,I often find myself managing my schedule though it can be difficult
male,18-34,secondary,high,region3,Urban,4,FALSE,FALSE,FALSE,TRUE,FALSE,1 2 5,TRUE,TRUE,FALSE,FALSE,TRUE,FALSE,FALSE,FALSE,1,2,5,69,36,Dissatisfied,I really enjoy spending time with family more than I used to
male,55+,secondary,low,region3,Urban,5,FALSE,FALSE,FALSE,FALSE,TRUE,5 7 8,FALSE,FALSE,FALSE,FALSE,TRUE,FALSE,TRUE,TRUE,2,2,3,58,8,NA,Personally I think keeping active outdoors whenever possible
female,35-54,secondary,low,region3,Urban,1 4 5,TRUE,FALSE,FALSE,TRUE,TRUE,2 6 8,FALSE,TRUE,FALSE,FALSE,FALSE,TRUE,FALSE,TRUE,4,4,4,93,21,Dissatisfied,Most of the time I learning new things whenever possible
female,55+,secondary,low,region1,Rural,1 3,TRUE,FALSE,TRUE,FALSE,FALSE,2 3 6,FALSE,TRUE,TRUE,FALSE,FALSE,TRUE,FALSE,FALSE,5,4,5,55,13,Dissatisfied,Most of the time I cooking at home though it can be difficult
female,18-34,secondary,middle,region2,Rural,1 3 5,TRUE,FALSE,TRUE,FALSE,TRUE,3 4 6,FALSE,FALSE,TRUE,TRUE,FALSE,TRUE,FALSE,FALSE,5,5,1,106,28,Neutral,In my experience travelling when I can even if it takes effort
male,18-34,secondary,middle,region3,Urban,1 3 5,TRUE,FALSE,TRUE,FALSE,TRUE,1 2 5,TRUE,TRUE,FALSE,FALSE,TRUE,FALSE,FALSE,FALSE,2,4,4,82,35,Neutral,I would say meeting up with friends and find it rewarding
female,18-34,secondary,high,region1,Rural,1 3 4,TRUE,FALSE,TRUE,TRUE,FALSE,3 6 8,FALSE,FALSE,TRUE,FALSE,FALSE,TRUE,FALSE,TRUE,5,3,4,108,31,NA,Personally I think reading in my spare time on a regular basis
male,18-34,secondary,high,region1,Rural,5,FALSE,FALSE,FALSE,FALSE,TRUE,1 4 5,TRUE,FALSE,FALSE,TRUE,TRUE,FALSE,FALSE,FALSE,2,2,4,95,22,NA,I would say keeping active outdoors as much as I can
male,35-54,primary,middle,region2,Rural,5,FALSE,FALSE,FALSE,FALSE,TRUE,1 7 8,TRUE,FALSE,FALSE,FALSE,FALSE,FALSE,TRUE,TRUE,2,2,4,26,25,NA,I often find myself keeping active outdoors and would recommend it
male,55+,secondary,high,region3,Urban,2 4 5,FALSE,TRUE,FALSE,TRUE,TRUE,1 2 6,TRUE,TRUE,FALSE,FALSE,FALSE,TRUE,FALSE,FALSE,1,1,5,7,24,NA,Most of the time I learning new things as much as I can
female,35-54,secondary,middle,region2,Rural,1 4 5,TRUE,FALSE,FALSE,TRUE,TRUE,4 6 8,FALSE,FALSE,FALSE,TRUE,FALSE,TRUE,FALSE,TRUE,3,3,5,32,22,Dissatisfied,I often find myself reading in my spare time whenever possible
male,18-34,tertiary or higher,middle,region1,Rural,4 5,FALSE,FALSE,FALSE,TRUE,TRUE,4 5 7,FALSE,FALSE,FALSE,TRUE,TRUE,FALSE,TRUE,FALSE,3,1,1,67,41,Neutral,Personally I think learning new things though it can be difficult
female,18-34,primary,low,region2,Rural,1 3,TRUE,FALSE,TRUE,FALSE,FALSE,3 6 7,FALSE,FALSE,TRUE,FALSE,FALSE,TRUE,TRUE,FALSE,3,5,3,111,46,Strongly dissatisfied,Personally I think keeping active outdoors on a regular basis
male,55+,tertiary or higher,high,region3,Urban,5,FALSE,FALSE,FALSE,FALSE,TRUE,5 7,FALSE,FALSE,FALSE,FALSE,TRUE,FALSE,TRUE,FALSE,2,2,5,29,21,NA,Personally I think travelling when I can on a regular basis
female,18-34,primary,high,region1,Rural,1 2 4,TRUE,TRUE,FALSE,TRUE,FALSE,3 6,FALSE,FALSE,TRUE,FALSE,FALSE,TRUE,FALSE,FALSE,4,4,1,71,26,Strongly dissatisfied,I often find myself meeting up with friends though it can be difficult
female,18-34,secondary,middle,region3,Urban,1 4,TRUE,FALSE,FALSE,TRUE,FALSE,1 2 7,TRUE,TRUE,FALSE,FALSE,FALSE,FALSE,TRUE,FALSE,4,4,4,32,41,NA,Most of the time I spending time with family more than I used to
male,35-54,secondary,low,region3,Urban,5,FALSE,FALSE,FALSE,FALSE,TRUE,1 4 7,TRUE,FALSE,FALSE,TRUE,FALSE,FALSE,TRUE,FALSE,3,3,2,50,35,NA,I really enjoy cooking at home though it can be difficult
male,35-54,secondary,low,region1,Rural,4 5,FALSE,FALSE,FALSE,TRUE,TRUE,5 7 8,FALSE,FALSE,FALSE,FALSE,TRUE,FALSE,TRUE,TRUE,2,3,5,20,25,NA,I would say meeting up with friends depending on the season
female,18-34,tertiary or higher,low,region3,Urban,1 3,TRUE,FALSE,TRUE,FALSE,FALSE,3 6,FALSE,FALSE,TRUE,FALSE,FALSE,TRUE,FALSE,FALSE,4,4,3,116,42,NA,I would say spending time with family even if it takes effort
female,35-54,tertiary or higher,low,region2,Rural,1 4 5,TRUE,FALSE,FALSE,TRUE,TRUE,3 6 8,FALSE,FALSE,TRUE,FALSE,FALSE,TRUE,FALSE,TRUE,4,5,2,60,25,Dissatisfied,Most of the time I staying on top of my health even if it takes effort
female,35-54,secondary,middle,region3,Urban,1 3 4,TRUE,FALSE,TRUE,TRUE,FALSE,3 6 7,FALSE,FALSE,TRUE,FALSE,FALSE,TRUE,TRUE,FALSE,2,5,2,28,38,NA,I really enjoy reading in my spare time more than I used to
male,55+,tertiary or higher,high,region3,Urban,2 5,FALSE,TRUE,FALSE,FALSE,TRUE,4 5 7,FALSE,FALSE,FALSE,TRUE,TRUE,FALSE,TRUE,FALSE,3,1,1,26,9,Neutral,I often find myself meeting up with friends when time allows
female,18-34,tertiary or higher,low,region3,Urban,1 3 4,TRUE,FALSE,TRUE,TRUE,FALSE,4 6 7,FALSE,FALSE,FALSE,TRUE,FALSE,TRUE,TRUE,FALSE,5,5,4,71,48,Strongly dissatisfied,I really enjoy staying on top of my health when time allows
male,35-54,tertiary or higher,low,region3,Urban,3 4,FALSE,FALSE,TRUE,TRUE,FALSE,2 4 5,FALSE,TRUE,FALSE,TRUE,TRUE,FALSE,FALSE,FALSE,2,3,2,67,23,Neutral,I really enjoy managing my schedule and find it rewarding
male,18-34,secondary,middle,region3,Urban,2 5,FALSE,TRUE,FALSE,FALSE,TRUE,1 4 5,TRUE,FALSE,FALSE,TRUE,TRUE,FALSE,FALSE,FALSE,1,3,5,68,18,Strongly dissatisfied,Personally I think spending time with family more than I used to
male,18-34,tertiary or higher,low,region3,Urban,2 5,FALSE,TRUE,FALSE,FALSE,TRUE,4 5 7,FALSE,FALSE,FALSE,TRUE,TRUE,FALSE,TRUE,FALSE,2,3,3,59,38,Dissatisfied,I often find myself staying on top of my health whenever possible
male,35-54,secondary,low,region1,Rural,2 4 5,FALSE,TRUE,FALSE,TRUE,TRUE,1 2 4,TRUE,TRUE,FALSE,TRUE,FALSE,FALSE,FALSE,FALSE,4,3,4,70,34,Neutral,Personally I think keeping active outdoors depending on the season
male,18-34,tertiary or higher,high,region1,Rural,,FALSE,FALSE,FALSE,FALSE,FALSE,1 2 5,TRUE,TRUE,FALSE,FALSE,TRUE,FALSE,FALSE,FALSE,2,3,1,83,37,NA,Personally I think reading in my spare time even if it takes effort
female,35-54,tertiary or higher,low,region1,Rural,1 2 3,TRUE,TRUE,TRUE,FALSE,FALSE,3 6 7,FALSE,FALSE,TRUE,FALSE,FALSE,TRUE,TRUE,FALSE,1,3,2,11,29,Neutral,Most of the time I managing my schedule depending on the season
female,35-54,secondary,middle,region2,Rural,4,FALSE,FALSE,FALSE,TRUE,FALSE,1 6 7,TRUE,FALSE,FALSE,FALSE,FALSE,TRUE,TRUE,FALSE,5,3,5,60,29,Strongly dissatisfied,Most of the time I reading in my spare time and would recommend it
female,35-54,secondary,low,region3,Urban,1 3 4,TRUE,FALSE,TRUE,TRUE,FALSE,2 3 5,FALSE,TRUE,TRUE,FALSE,TRUE,FALSE,FALSE,FALSE,5,5,5,23,46,Dissatisfied,I would say cooking at home whenever possible
male,18-34,tertiary or higher,high,region3,Urban,5,FALSE,FALSE,FALSE,FALSE,TRUE,1 4 8,TRUE,FALSE,FALSE,TRUE,FALSE,FALSE,FALSE,TRUE,3,2,2,102,30,Dissatisfied,Most of the time I meeting up with friends on a regular basis
female,18-34,tertiary or higher,low,region2,Rural,1 3,TRUE,FALSE,TRUE,FALSE,FALSE,2 3 4,FALSE,TRUE,TRUE,TRUE,FALSE,FALSE,FALSE,FALSE,3,3,1,93,28,Dissatisfied,I really enjoy keeping active outdoors on a regular basis
male,18-34,tertiary or higher,middle,region2,Rural,5,FALSE,FALSE,FALSE,FALSE,TRUE,1 4 5,TRUE,FALSE,FALSE,TRUE,TRUE,FALSE,FALSE,FALSE,1,5,3,108,43,NA,In my experience travelling when I can on a regular basis
male,35-54,secondary,high,region2,Rural,2 5,FALSE,TRUE,FALSE,FALSE,TRUE,4 5 8,FALSE,FALSE,FALSE,TRUE,TRUE,FALSE,FALSE,TRUE,3,3,5,54,25,Neutral,In my experience learning new things whenever possible
female,18-34,secondary,middle,region1,Rural,1 3,TRUE,FALSE,TRUE,FALSE,FALSE,5 6 8,FALSE,FALSE,FALSE,FALSE,TRUE,TRUE,FALSE,TRUE,4,3,5,95,34,Strongly dissatisfied,I really enjoy travelling when I can and would recommend it
female,18-34,secondary,low,region2,Rural,1 3 4,TRUE,FALSE,TRUE,TRUE,FALSE,3 7 8,FALSE,FALSE,TRUE,FALSE,FALSE,FALSE,TRUE,TRUE,4,3,2,111,41,Strongly dissatisfied,Most of the time I managing my schedule though it can be difficult
female,18-34,tertiary or higher,high,region1,Rural,3 4 5,FALSE,FALSE,TRUE,TRUE,TRUE,2 3 4,FALSE,TRUE,TRUE,TRUE,FALSE,FALSE,FALSE,FALSE,4,4,4,40,33,Strongly dissatisfied,I really enjoy managing my schedule more than I used to
male,35-54,secondary,high,region3,Urban,2 5,FALSE,TRUE,FALSE,FALSE,TRUE,1 4 5,TRUE,FALSE,FALSE,TRUE,TRUE,FALSE,FALSE,FALSE,4,4,4,66,10,NA,Personally I think cooking at home and find it rewarding
male,35-54,tertiary or higher,middle,region1,Rural,2 4,FALSE,TRUE,FALSE,TRUE,FALSE,1 5 7,TRUE,FALSE,FALSE,FALSE,TRUE,FALSE,TRUE,FALSE,3,2,2,76,11,NA,I really enjoy meeting up with friends and would recommend it
male,18-34,primary,low,region3,Urban,4,FALSE,FALSE,FALSE,TRUE,FALSE,4 5 7,FALSE,FALSE,FALSE,TRUE,TRUE,FALSE,TRUE,FALSE,2,2,2,90,46,NA,I really enjoy meeting up with friends though it can be difficult
male,18-34,tertiary or higher,high,region1,Rural,2 4 5,FALSE,TRUE,FALSE,TRUE,TRUE,4 5 8,FALSE,FALSE,FALSE,TRUE,TRUE,FALSE,FALSE,TRUE,4,4,4,87,47,Dissatisfied,Personally I think meeting up with friends even if it takes effort
male,35-54,secondary,high,region3,Urban,1 2 5,TRUE,TRUE,FALSE,FALSE,TRUE,2 4 8,FALSE,TRUE,FALSE,TRUE,FALSE,FALSE,FALSE,TRUE,1,3,3,63,48,NA,In my experience cooking at home as much as I can
female,35-54,secondary,low,region1,Rural,2 4 5,FALSE,TRUE,FALSE,TRUE,TRUE,2 4 6,FALSE,TRUE,FALSE,TRUE,FALSE,TRUE,FALSE,FALSE,3,5,4,68,40,NA,I often find myself reading in my spare time as much as I can
female,18-34,secondary,middle,region3,Urban,1 4 5,TRUE,FALSE,FALSE,TRUE,TRUE,1 3 6,TRUE,FALSE,TRUE,FALSE,FALSE,TRUE,FALSE,FALSE,1,5,3,108,49,Neutral,I really enjoy learning new things and find it rewarding
male,18-34,primary,high,region3,Urban,1 3 5,TRUE,FALSE,TRUE,FALSE,TRUE,2 5 6,FALSE,TRUE,FALSE,FALSE,TRUE,TRUE,FALSE,FALSE,1,2,3,97,43,NA,I would say managing my schedule and find it rewarding
male,55+,secondary,high,region3,Urban,1 2 5,TRUE,TRUE,FALSE,FALSE,TRUE,4 5 7,FALSE,FALSE,FALSE,TRUE,TRUE,FALSE,TRUE,FALSE,1,1,4,40,10,Neutral,I really enjoy learning new things and would recommend it
female,18-34,secondary,low,region3,Urban,1 2 4,TRUE,TRUE,FALSE,TRUE,FALSE,1 6 7,TRUE,FALSE,FALSE,FALSE,FALSE,TRUE,TRUE,FALSE,4,5,1,100,46,Strongly dissatisfied,In my experience managing my schedule depending on the season
female,35-54,secondary,low,region3,Urban,1 3,TRUE,FALSE,TRUE,FALSE,FALSE,3 7 8,FALSE,FALSE,TRUE,FALSE,FALSE,FALSE,TRUE,TRUE,3,2,5,61,12,NA,I often find myself spending time with family though it can be difficult
female,55+,secondary,low,region3,Urban,1 2 4,TRUE,TRUE,FALSE,TRUE,FALSE,4 6 8,FALSE,FALSE,FALSE,TRUE,FALSE,TRUE,FALSE,TRUE,4,3,2,25,7,NA,In my experience staying on top of my health and would recommend it
female,18-34,secondary,low,region3,Urban,1 3 4,TRUE,FALSE,TRUE,TRUE,FALSE,1 7 8,TRUE,FALSE,FALSE,FALSE,FALSE,FALSE,TRUE,TRUE,2,3,3,90,40,Strongly dissatisfied,In my experience meeting up with friends and find it rewarding
female,18-34,tertiary or higher,high,region3,Urban,1 3,TRUE,FALSE,TRUE,FALSE,FALSE,3 6 7,FALSE,FALSE,TRUE,FALSE,FALSE,TRUE,TRUE,FALSE,4,4,4,63,46,Neutral,Personally I think reading in my spare time more than I used to
female,18-34,secondary,middle,region3,Urban,3 4 5,FALSE,FALSE,TRUE,TRUE,TRUE,5 6 7,FALSE,FALSE,FALSE,FALSE,TRUE,TRUE,TRUE,FALSE,4,5,2,106,34,Strongly dissatisfied,I really enjoy keeping active outdoors whenever possible
male,18-34,secondary,high,region1,Rural,1 4 5,TRUE,FALSE,FALSE,TRUE,TRUE,5 8,FALSE,FALSE,FALSE,FALSE,TRUE,FALSE,FALSE,TRUE,3,2,2,70,39,Strongly dissatisfied,I often find myself reading in my spare time though it can be difficult
female,55+,secondary,middle,region3,Urban,1 3 5,TRUE,FALSE,TRUE,FALSE,TRUE,2 3 7,FALSE,TRUE,TRUE,FALSE,FALSE,FALSE,TRUE,FALSE,5,3,5,15,18,Dissatisfied,I really enjoy travelling when I can on a regular basis
female,18-34,secondary,low,region2,Rural,1 3 4,TRUE,FALSE,TRUE,TRUE,FALSE,3 6 7,FALSE,FALSE,TRUE,FALSE,FALSE,TRUE,TRUE,FALSE,1,4,5,92,19,Strongly dissatisfied,Most of the time I learning new things and would recommend it
female,35-54,tertiary or higher,high,region1,Rural,1 3 5,TRUE,FALSE,TRUE,FALSE,TRUE,3 4 5,FALSE,FALSE,TRUE,TRUE,TRUE,FALSE,FALSE,FALSE,3,5,3,20,28,Dissatisfied,Personally I think keeping active outdoors as much as I can
female,35-54,secondary,middle,region1,Rural,1 3,TRUE,FALSE,TRUE,FALSE,FALSE,3 5 6,FALSE,FALSE,TRUE,FALSE,TRUE,TRUE,FALSE,FALSE,4,4,1,68,5,Strongly dissatisfied,I would say meeting up with friends when time allows
male,18-34,tertiary or higher,middle,region1,Rural,2 5,FALSE,TRUE,FALSE,FALSE,TRUE,4 5 7,FALSE,FALSE,FALSE,TRUE,TRUE,FALSE,TRUE,FALSE,3,5,4,62,24,Neutral,I really enjoy learning new things even if it takes effort
female,55+,tertiary or higher,low,region3,Urban,1 3 4,TRUE,FALSE,TRUE,TRUE,FALSE,3 6,FALSE,FALSE,TRUE,FALSE,FALSE,TRUE,FALSE,FALSE,3,5,3,47,6,NA,Most of the time I reading in my spare time and find it rewarding
female,35-54,secondary,low,region2,Rural,1 2 4,TRUE,TRUE,FALSE,TRUE,FALSE,3 6 7,FALSE,FALSE,TRUE,FALSE,FALSE,TRUE,TRUE,FALSE,3,3,3,56,28,Strongly dissatisfied,I often find myself managing my schedule on a regular basis
male,35-54,secondary,low,region1,Rural,4,FALSE,FALSE,FALSE,TRUE,FALSE,1 5,TRUE,FALSE,FALSE,FALSE,TRUE,FALSE,FALSE,FALSE,5,3,1,35,25,Neutral,I would say travelling when I can when time allows
male,18-34,secondary,middle,region3,Urban,5,FALSE,FALSE,FALSE,FALSE,TRUE,5 7 8,FALSE,FALSE,FALSE,FALSE,TRUE,FALSE,TRUE,TRUE,1,1,4,113,40,NA,Most of the time I keeping active outdoors even if it takes effort
male,55+,tertiary or higher,middle,region3,Urban,5,FALSE,FALSE,FALSE,FALSE,TRUE,1,TRUE,FALSE,FALSE,FALSE,FALSE,FALSE,FALSE,FALSE,1,5,4,40,15,NA,Personally I think spending time with family and find it rewarding
female,18-34,secondary,low,region1,Rural,1 3 4,TRUE,FALSE,TRUE,TRUE,FALSE,1 3 6,TRUE,FALSE,TRUE,FALSE,FALSE,TRUE,FALSE,FALSE,4,5,2,84,39,Neutral,I really enjoy managing my schedule as much as I can
female,35-54,secondary,high,region2,Rural,3 5,FALSE,FALSE,TRUE,FALSE,TRUE,2 4 7,FALSE,TRUE,FALSE,TRUE,FALSE,FALSE,TRUE,FALSE,4,2,3,42,26,Neutral,I would say keeping active outdoors as much as I can
female,35-54,tertiary or higher,low,region2,Rural,1 3 4,TRUE,FALSE,TRUE,TRUE,FALSE,3 6 7,FALSE,FALSE,TRUE,FALSE,FALSE,TRUE,TRUE,FALSE,1,5,3,45,16,NA,I would say staying on top of my health as much as I can
female,18-34,secondary,high,region3,Urban,2 4 5,FALSE,TRUE,FALSE,TRUE,TRUE,2 3 5,FALSE,TRUE,TRUE,FALSE,TRUE,FALSE,FALSE,FALSE,4,4,5,88,32,Dissatisfied,I often find myself managing my schedule when time allows
male,35-54,tertiary or higher,high,region3,Urban,1 5,TRUE,FALSE,FALSE,FALSE,TRUE,4 6 8,FALSE,FALSE,FALSE,TRUE,FALSE,TRUE,FALSE,TRUE,3,2,3,64,36,NA,Personally I think managing my schedule and would recommend it
female,35-54,secondary,low,region1,Rural,4,FALSE,FALSE,FALSE,TRUE,FALSE,3 6,FALSE,FALSE,TRUE,FALSE,FALSE,TRUE,FALSE,FALSE,3,5,2,46,18,Strongly dissatisfied,Most of the time I learning new things more than I used to
female,18-34,tertiary or higher,middle,region1,Rural,1 3,TRUE,FALSE,TRUE,FALSE,FALSE,6 7 8,FALSE,FALSE,FALSE,FALSE,FALSE,TRUE,TRUE,TRUE,4,4,2,81,42,Neutral,I would say spending time with family and find it rewarding
male,55+,tertiary or higher,low,region3,Urban,3 4,FALSE,FALSE,TRUE,TRUE,FALSE,2 7 8,FALSE,TRUE,FALSE,FALSE,FALSE,FALSE,TRUE,TRUE,1,3,4,50,14,NA,Personally I think travelling when I can when time allows
male,35-54,secondary,low,region3,Urban,,FALSE,FALSE,FALSE,FALSE,FALSE,5 7,FALSE,FALSE,FALSE,FALSE,TRUE,FALSE,TRUE,FALSE,5,2,1,19,24,NA,Most of the time I spending time with family and would recommend it
male,18-34,secondary,low,region3,Urban,3 5,FALSE,FALSE,TRUE,FALSE,TRUE,1 2 8,TRUE,TRUE,FALSE,FALSE,FALSE,FALSE,FALSE,TRUE,4,1,2,71,29,Dissatisfied,I really enjoy cooking at home when time allows
female,35-54,tertiary or higher,low,region2,Rural,1 3,TRUE,FALSE,TRUE,FALSE,FALSE,3 6,FALSE,FALSE,TRUE,FALSE,FALSE,TRUE,FALSE,FALSE,5,3,3,34,9,Neutral,I would say managing my schedule and find it rewarding
female,35-54,tertiary or higher,high,region3,Urban,1 3 4,TRUE,FALSE,TRUE,TRUE,FALSE,3 4 5,FALSE,FALSE,TRUE,TRUE,TRUE,FALSE,FALSE,FALSE,4,4,3,75,14,Dissatisfied,I often find myself reading in my spare time and find it rewarding
male,18-34,tertiary or higher,middle,region1,Rural,2 4 5,FALSE,TRUE,FALSE,TRUE,TRUE,5 7 8,FALSE,FALSE,FALSE,FALSE,TRUE,FALSE,TRUE,TRUE,1,2,2,116,37,NA,I would say travelling when I can on a regular basis
male,18-34,secondary,high,region1,Rural,2 5,FALSE,TRUE,FALSE,FALSE,TRUE,4 7 8,FALSE,FALSE,FALSE,TRUE,FALSE,FALSE,TRUE,TRUE,2,2,3,88,25,NA,I would say spending time with family whenever possible
male,35-54,tertiary or higher,middle,region3,Urban,5,FALSE,FALSE,FALSE,FALSE,TRUE,1 2 8,TRUE,TRUE,FALSE,FALSE,FALSE,FALSE,FALSE,TRUE,5,3,1,61,25,NA,Personally I think travelling when I can as much as I can
female,35-54,primary,low,region3,Urban,1 3 5,TRUE,FALSE,TRUE,FALSE,TRUE,2 6 7,FALSE,TRUE,FALSE,FALSE,FALSE,TRUE,TRUE,FALSE,4,3,4,69,17,Dissatisfied,Most of the time I staying on top of my health whenever possible
female,18-34,tertiary or higher,high,region2,Rural,1 3 4,TRUE,FALSE,TRUE,TRUE,FALSE,4 6 8,FALSE,FALSE,FALSE,TRUE,FALSE,TRUE,FALSE,TRUE,3,2,5,92,37,Dissatisfied,Most of the time I travelling when I can though it can be difficult
female,35-54,primary,middle,region1,Rural,1 2 3,TRUE,TRUE,TRUE,FALSE,FALSE,3 5 8,FALSE,FALSE,TRUE,FALSE,TRUE,FALSE,FALSE,TRUE,5,4,1,99,24,NA,I would say learning new things though it can be difficult
male,35-54,primary,low,region2,Rural,1 5,TRUE,FALSE,FALSE,FALSE,TRUE,5 7 8,FALSE,FALSE,FALSE,FALSE,TRUE,FALSE,TRUE,TRUE,3,3,1,74,42,NA,Personally I think keeping active outdoors more than I used to
male,35-54,tertiary or higher,middle,region1,Rural,4 5,FALSE,FALSE,FALSE,TRUE,TRUE,4 5 8,FALSE,FALSE,FALSE,TRUE,TRUE,FALSE,FALSE,TRUE,5,3,1,64,31,NA,In my experience travelling when I can more than I used to
male,18-34,secondary,high,region2,Rural,1 4 5,TRUE,FALSE,FALSE,TRUE,TRUE,1 5 7,TRUE,FALSE,FALSE,FALSE,TRUE,FALSE,TRUE,FALSE,1,2,1,96,35,NA,Most of the time I reading in my spare time and find it rewarding
male,55+,secondary,high,region2,Rural,2 3 5,FALSE,TRUE,TRUE,FALSE,TRUE,1 2 7,TRUE,TRUE,FALSE,FALSE,FALSE,FALSE,TRUE,FALSE,1,4,5,17,22,NA,Personally I think staying on top of my health and find it rewarding
female,35-54,primary,middle,region3,Urban,3 4 5,FALSE,FALSE,TRUE,TRUE,TRUE,3 4 6,FALSE,FALSE,TRUE,TRUE,FALSE,TRUE,FALSE,FALSE,5,4,2,90,12,NA,I really enjoy learning new things and find it rewarding
female,18-34,secondary,high,region3,Urban,1 3 5,TRUE,FALSE,TRUE,FALSE,TRUE,3 7 8,FALSE,FALSE,TRUE,FALSE,FALSE,FALSE,TRUE,TRUE,1,4,2,72,33,Strongly dissatisfied,I really enjoy cooking at home as much as I can
male,18-34,secondary,low,region1,Rural,4 5,FALSE,FALSE,FALSE,TRUE,TRUE,1 5 7,TRUE,FALSE,FALSE,FALSE,TRUE,FALSE,TRUE,FALSE,3,3,1,91,31,NA,In my experience meeting up with friends when time allows
male,35-54,secondary,middle,region3,Urban,4 5,FALSE,FALSE,FALSE,TRUE,TRUE,4 5,FALSE,FALSE,FALSE,TRUE,TRUE,FALSE,FALSE,FALSE,2,3,3,92,29,Neutral,In my experience managing my schedule and find it rewarding
male,35-54,secondary,low,region2,Rural,4 5,FALSE,FALSE,FALSE,TRUE,TRUE,7 8,FALSE,FALSE,FALSE,FALSE,FALSE,FALSE,TRUE,TRUE,2,3,5,30,32,NA,I would say keeping active outdoors depending on the season
female,18-34,primary,high,region2,Rural,2 3 4,FALSE,TRUE,TRUE,TRUE,FALSE,3 4 7,FALSE,FALSE,TRUE,TRUE,FALSE,FALSE,TRUE,FALSE,3,5,3,111,39,Strongly dissatisfied,I often find myself learning new things more than I used to
female,35-54,secondary,middle,region3,Urban,1 3,TRUE,FALSE,TRUE,FALSE,FALSE,4 6 7,FALSE,FALSE,FALSE,TRUE,FALSE,TRUE,TRUE,FALSE,4,5,3,38,25,Neutral,I would say reading in my spare time when time allows
female,35-54,primary,middle,region2,Rural,1 3 4,TRUE,FALSE,TRUE,TRUE,FALSE,1 6 8,TRUE,FALSE,FALSE,FALSE,FALSE,TRUE,FALSE,TRUE,1,5,4,54,24,NA,I really enjoy keeping active outdoors when time allows
female,35-54,secondary,middle,region3,Urban,1 3 4,TRUE,FALSE,TRUE,TRUE,FALSE,2 3 6,FALSE,TRUE,TRUE,FALSE,FALSE,TRUE,FALSE,FALSE,4,3,3,84,26,NA,I really enjoy meeting up with friends on a regular basis
female,35-54,secondary,high,region1,Rural,1 3 4,TRUE,FALSE,TRUE,TRUE,FALSE,3 8,FALSE,FALSE,TRUE,FALSE,FALSE,FALSE,FALSE,TRUE,5,4,3,68,42,NA,In my experience keeping active outdoors whenever possible
male,18-34,secondary,low,region3,Urban,2 5,FALSE,TRUE,FALSE,FALSE,TRUE,1 2 8,TRUE,TRUE,FALSE,FALSE,FALSE,FALSE,FALSE,TRUE,4,2,4,111,36,Dissatisfied,I often find myself cooking at home on a regular basis
male,35-54,secondary,middle,region3,Urban,1 5,TRUE,FALSE,FALSE,FALSE,TRUE,4 5 8,FALSE,FALSE,FALSE,TRUE,TRUE,FALSE,FALSE,TRUE,2,5,5,35,44,NA,I really enjoy staying on top of my health though it can be difficult
female,35-54,secondary,low,region3,Urban,1 2 3,TRUE,TRUE,TRUE,FALSE,FALSE,2 3 6,FALSE,TRUE,TRUE,FALSE,FALSE,TRUE,FALSE,FALSE,4,4,1,83,37,Strongly dissatisfied,Most of the time I reading in my spare time more than I used to
female,35-54,secondary,high,region3,Urban,1,TRUE,FALSE,FALSE,FALSE,FALSE,3 7 8,FALSE,FALSE,TRUE,FALSE,FALSE,FALSE,TRUE,TRUE,1,4,5,73,27,Strongly dissatisfied,Most of the time I managing my schedule and find it rewarding
male,35-54,secondary,high,region3,Urban,,FALSE,FALSE,FALSE,FALSE,FALSE,1 4 5,TRUE,FALSE,FALSE,TRUE,TRUE,FALSE,FALSE,FALSE,3,3,3,17,24,NA,Most of the time I learning new things when time allows
male,18-34,tertiary or higher,middle,region2,Rural,4,FALSE,FALSE,FALSE,TRUE,FALSE,1 6,TRUE,FALSE,FALSE,FALSE,FALSE,TRUE,FALSE,FALSE,3,2,1,99,45,NA,Personally I think travelling when I can when time allows
male,18-34,secondary,high,region3,Urban,2 4 5,FALSE,TRUE,FALSE,TRUE,TRUE,4 5 8,FALSE,FALSE,FALSE,TRUE,TRUE,FALSE,FALSE,TRUE,3,4,3,95,46,Strongly dissatisfied,In my experience keeping active outdoors whenever possible
female,18-34,tertiary or higher,low,region3,Urban,1 3 4,TRUE,FALSE,TRUE,TRUE,FALSE,3 6,FALSE,FALSE,TRUE,FALSE,FALSE,TRUE,FALSE,FALSE,4,5,2,88,46,NA,I would say spending time with family though it can be difficult
male,35-54,tertiary or higher,high,region1,Rural,,FALSE,FALSE,FALSE,FALSE,FALSE,4 5 8,FALSE,FALSE,FALSE,TRUE,TRUE,FALSE,FALSE,TRUE,1,4,1,35,17,Neutral,In my experience reading in my spare time even if it takes effort
male,35-54,tertiary or higher,low,region1,Rural,2 4 5,FALSE,TRUE,FALSE,TRUE,TRUE,1 5 8,TRUE,FALSE,FALSE,FALSE,TRUE,FALSE,FALSE,TRUE,2,3,3,40,21,NA,I often find myself meeting up with friends more than I used to
female,18-34,secondary,low,region1,Rural,1 3 4,TRUE,FALSE,TRUE,TRUE,FALSE,3 6 7,FALSE,FALSE,TRUE,FALSE,FALSE,TRUE,TRUE,FALSE,5,5,3,116,30,Dissatisfied,I would say travelling when I can though it can be difficult
male,18-34,secondary,middle,region1,Rural,2 4 5,FALSE,TRUE,FALSE,TRUE,TRUE,1 4 5,TRUE,FALSE,FALSE,TRUE,TRUE,FALSE,FALSE,FALSE,2,1,2,99,41,Dissatisfied,In my experience travelling when I can on a regular basis
male,35-54,primary,middle,region1,Rural,4 5,FALSE,FALSE,FALSE,TRUE,TRUE,5 6 8,FALSE,FALSE,FALSE,FALSE,TRUE,TRUE,FALSE,TRUE,2,3,5,43,13,NA,I really enjoy keeping active outdoors and would recommend it
male,18-34,tertiary or higher,middle,region1,Rural,5,FALSE,FALSE,FALSE,FALSE,TRUE,4 5 7,FALSE,FALSE,FALSE,TRUE,TRUE,FALSE,TRUE,FALSE,4,3,5,93,36,NA,I often find myself learning new things as much as I can
male,18-34,tertiary or higher,middle,region3,Urban,1 4 5,TRUE,FALSE,FALSE,TRUE,TRUE,1 5 8,TRUE,FALSE,FALSE,FALSE,TRUE,FALSE,FALSE,TRUE,4,3,2,93,19,NA,In my experience staying on top of my health and find it rewarding
male,18-34,secondary,low,region1,Rural,1 4 5,TRUE,FALSE,FALSE,TRUE,TRUE,2 4 5,FALSE,TRUE,FALSE,TRUE,TRUE,FALSE,FALSE,FALSE,4,4,5,87,30,NA,Personally I think staying on top of my health and find it rewarding
male,35-54,secondary,high,region2,Rural,1 2 5,TRUE,TRUE,FALSE,FALSE,TRUE,1 4 5,TRUE,FALSE,FALSE,TRUE,TRUE,FALSE,FALSE,FALSE,3,3,2,43,31,NA,Most of the time I learning new things though it can be difficult
male,18-34,tertiary or higher,middle,region3,Urban,4 5,FALSE,FALSE,FALSE,TRUE,TRUE,5 7 8,FALSE,FALSE,FALSE,FALSE,TRUE,FALSE,TRUE,TRUE,2,2,4,48,41,NA,I would say meeting up with friends and would recommend it
male,55+,tertiary or higher,high,region2,Rural,4 5,FALSE,FALSE,FALSE,TRUE,TRUE,4 5 7,FALSE,FALSE,FALSE,TRUE,TRUE,FALSE,TRUE,FALSE,3,3,4,32,12,NA,I often find myself cooking at home though it can be difficult
female,18-34,primary,high,region1,Rural,3 4,FALSE,FALSE,TRUE,TRUE,FALSE,2 3 8,FALSE,TRUE,TRUE,FALSE,FALSE,FALSE,FALSE,TRUE,4,1,3,114,32,NA,In my experience cooking at home though it can be difficult
male,35-54,tertiary or higher,low,region1,Rural,5,FALSE,FALSE,FALSE,FALSE,TRUE,1 5 6,TRUE,FALSE,FALSE,FALSE,TRUE,TRUE,FALSE,FALSE,5,1,1,52,28,NA,Most of the time I keeping active outdoors when time allows
male,18-34,secondary,middle,region3,Urban,1 5,TRUE,FALSE,FALSE,FALSE,TRUE,2 4 5,FALSE,TRUE,FALSE,TRUE,TRUE,FALSE,FALSE,FALSE,3,1,3,106,32,NA,I often find myself staying on top of my health more than I used to
female,18-34,tertiary or higher,high,region3,Urban,1 2 4,TRUE,TRUE,FALSE,TRUE,FALSE,1 3 6,TRUE,FALSE,TRUE,FALSE,FALSE,TRUE,FALSE,FALSE,4,4,5,65,40,Dissatisfied,I really enjoy cooking at home though it can be difficult
female,18-34,tertiary or higher,low,region1,Rural,4 5,FALSE,FALSE,FALSE,TRUE,TRUE,2 3 5,FALSE,TRUE,TRUE,FALSE,TRUE,FALSE,FALSE,FALSE,5,4,3,97,42,Strongly dissatisfied,Personally I think managing my schedule even if it takes effort
female,18-34,secondary,middle,region2,Rural,1 2 5,TRUE,TRUE,FALSE,FALSE,TRUE,3 5 6,FALSE,FALSE,TRUE,FALSE,TRUE,TRUE,FALSE,FALSE,5,2,2,83,37,Dissatisfied,Most of the time I staying on top of my health and find it rewarding
male,18-34,secondary,high,region3,Urban,,FALSE,FALSE,FALSE,FALSE,FALSE,4 5 7,FALSE,FALSE,FALSE,TRUE,TRUE,FALSE,TRUE,FALSE,1,1,3,94,38,NA,I would say spending time with family even if it takes effort
male,18-34,secondary,low,region3,Urban,4,FALSE,FALSE,FALSE,TRUE,FALSE,1 7 8,TRUE,FALSE,FALSE,FALSE,FALSE,FALSE,TRUE,TRUE,2,3,3,91,47,NA,Personally I think cooking at home more than I used to
male,35-54,tertiary or higher,low,region1,Rural,5,FALSE,FALSE,FALSE,FALSE,TRUE,3 4 5,FALSE,FALSE,TRUE,TRUE,TRUE,FALSE,FALSE,FALSE,4,1,1,92,23,NA,Personally I think travelling when I can and find it rewarding
female,18-34,secondary,high,region3,Urban,2 4,FALSE,TRUE,FALSE,TRUE,FALSE,3 7,FALSE,FALSE,TRUE,FALSE,FALSE,FALSE,TRUE,FALSE,5,5,1,110,36,NA,Personally I think keeping active outdoors on a regular basis
male,55+,secondary,low,region3,Urban,5,FALSE,FALSE,FALSE,FALSE,TRUE,1 4 7,TRUE,FALSE,FALSE,TRUE,FALSE,FALSE,TRUE,FALSE,2,4,1,3,16,NA,I often find myself spending time with family whenever possible
female,35-54,secondary,low,region3,Urban,1 3 4,TRUE,FALSE,TRUE,TRUE,FALSE,3 4 7,FALSE,FALSE,TRUE,TRUE,FALSE,FALSE,TRUE,FALSE,4,5,3,42,25,Dissatisfied,I often find myself cooking at home more than I used to
female,35-54,primary,middle,region3,Urban,1 3 4,TRUE,FALSE,TRUE,TRUE,FALSE,2 3 5,FALSE,TRUE,TRUE,FALSE,TRUE,FALSE,FALSE,FALSE,2,1,2,79,31,NA,In my experience cooking at home though it can be difficult
male,55+,tertiary or higher,middle,region1,Rural,4 5,FALSE,FALSE,FALSE,TRUE,TRUE,1 2 6,TRUE,TRUE,FALSE,FALSE,FALSE,TRUE,FALSE,FALSE,1,4,4,3,12,Neutral,In my experience travelling when I can on a regular basis
female,18-34,primary,middle,region2,Rural,1 3 4,TRUE,FALSE,TRUE,TRUE,FALSE,5 6 8,FALSE,FALSE,FALSE,FALSE,TRUE,TRUE,FALSE,TRUE,5,3,2,107,34,Dissatisfied,I really enjoy cooking at home more than I used to
male,35-54,secondary,low,region3,Urban,5,FALSE,FALSE,FALSE,FALSE,TRUE,2 4 8,FALSE,TRUE,FALSE,TRUE,FALSE,FALSE,FALSE,TRUE,1,1,2,46,24,NA,I really enjoy staying on top of my health and would recommend it
female,35-54,tertiary or higher,low,region2,Rural,1 4,TRUE,FALSE,FALSE,TRUE,FALSE,1 2 4,TRUE,TRUE,FALSE,TRUE,FALSE,FALSE,FALSE,FALSE,4,5,3,78,12,NA,I really enjoy meeting up with friends even if it takes effort
male,18-34,secondary,low,region3,Urban,5,FALSE,FALSE,FALSE,FALSE,TRUE,1 5,TRUE,FALSE,FALSE,FALSE,TRUE,FALSE,FALSE,FALSE,2,4,5,100,23,Dissatisfied,I really enjoy managing my schedule whenever possible
male,35-54,secondary,low,region1,Rural,5,FALSE,FALSE,FALSE,FALSE,TRUE,1 5 7,TRUE,FALSE,FALSE,FALSE,TRUE,FALSE,TRUE,FALSE,1,2,3,79,18,NA,I would say reading in my spare time even if it takes effort
female,18-34,secondary,low,region1,Rural,1 3,TRUE,FALSE,TRUE,FALSE,FALSE,3 7 8,FALSE,FALSE,TRUE,FALSE,FALSE,FALSE,TRUE,TRUE,4,4,3,57,27,Strongly dissatisfied,I often find myself reading in my spare time as much as I can
female,18-34,tertiary or higher,low,region3,Urban,1 3,TRUE,FALSE,TRUE,FALSE,FALSE,1 5 6,TRUE,FALSE,FALSE,FALSE,TRUE,TRUE,FALSE,FALSE,3,2,5,110,25,Strongly dissatisfied,I often find myself meeting up with friends and find it rewarding
female,18-34,tertiary or higher,high,region1,Rural,1 3 4,TRUE,FALSE,TRUE,TRUE,FALSE,1 3 6,TRUE,FALSE,TRUE,FALSE,FALSE,TRUE,FALSE,FALSE,1,5,1,116,44,NA,Most of the time I spending time with family though it can be difficult
male,18-34,secondary,low,region1,Rural,5,FALSE,FALSE,FALSE,FALSE,TRUE,3 6 8,FALSE,FALSE,TRUE,FALSE,FALSE,TRUE,FALSE,TRUE,5,3,4,104,43,NA,I would say learning new things whenever possible
male,18-34,secondary,low,region2,Rural,5,FALSE,FALSE,FALSE,FALSE,TRUE,1 5,TRUE,FALSE,FALSE,FALSE,TRUE,FALSE,FALSE,FALSE,3,3,3,119,48,NA,In my experience reading in my spare time depending on the season
male,18-34,secondary,middle,region1,Rural,2 4,FALSE,TRUE,FALSE,TRUE,FALSE,1 4 6,TRUE,FALSE,FALSE,TRUE,FALSE,TRUE,FALSE,FALSE,1,3,3,91,29,Neutral,I would say managing my schedule depending on the season
male,18-34,secondary,low,region1,Rural,5,FALSE,FALSE,FALSE,FALSE,TRUE,1 4 8,TRUE,FALSE,FALSE,TRUE,FALSE,FALSE,FALSE,TRUE,4,3,4,85,25,NA,I would say learning new things though it can be difficult
female,35-54,tertiary or higher,middle,region2,Rural,1 3,TRUE,FALSE,TRUE,FALSE,FALSE,3 6 7,FALSE,FALSE,TRUE,FALSE,FALSE,TRUE,TRUE,FALSE,3,2,5,58,27,NA,I would say spending time with family whenever possible
female,18-34,secondary,low,region3,Urban,1,TRUE,FALSE,FALSE,FALSE,FALSE,3 4 6,FALSE,FALSE,TRUE,TRUE,FALSE,TRUE,FALSE,FALSE,5,4,1,56,28,NA,I would say staying on top of my health and find it rewarding
female,18-34,secondary,high,region2,Rural,2 3 5,FALSE,TRUE,TRUE,FALSE,TRUE,1 4 6,TRUE,FALSE,FALSE,TRUE,FALSE,TRUE,FALSE,FALSE,5,2,2,106,39,Strongly dissatisfied,Most of the time I learning new things depending on the season
female,35-54,secondary,middle,region2,Rural,1 3 4,TRUE,FALSE,TRUE,TRUE,FALSE,2 5 6,FALSE,TRUE,FALSE,FALSE,TRUE,TRUE,FALSE,FALSE,1,4,4,86,27,NA,Most of the time I meeting up with friends even if it takes effort
female,35-54,secondary,middle,region1,Rural,1 2 3,TRUE,TRUE,TRUE,FALSE,FALSE,4 6 8,FALSE,FALSE,FALSE,TRUE,FALSE,TRUE,FALSE,TRUE,4,5,3,16,46,Dissatisfied,Personally I think spending time with family on a regular basis
female,35-54,tertiary or higher,middle,region1,Rural,1,TRUE,FALSE,FALSE,FALSE,FALSE,1 4 6,TRUE,FALSE,FALSE,TRUE,FALSE,TRUE,FALSE,FALSE,5,5,3,55,18,NA,Personally I think reading in my spare time even if it takes effort
female,18-34,secondary,low,region2,Rural,3 4 5,FALSE,FALSE,TRUE,TRUE,TRUE,1 3 6,TRUE,FALSE,TRUE,FALSE,FALSE,TRUE,FALSE,FALSE,1,4,1,92,39,Neutral,Personally I think meeting up with friends on a regular basis
male,18-34,secondary,high,region3,Urban,2,FALSE,TRUE,FALSE,FALSE,FALSE,4 7 8,FALSE,FALSE,FALSE,TRUE,FALSE,FALSE,TRUE,TRUE,5,2,1,79,35,NA,In my experience meeting up with friends depending on the season
female,18-34,tertiary or higher,high,region1,Rural,1 4 5,TRUE,FALSE,FALSE,TRUE,TRUE,1 3 8,TRUE,FALSE,TRUE,FALSE,FALSE,FALSE,FALSE,TRUE,3,5,2,83,47,Strongly dissatisfied,Personally I think managing my schedule even if it takes effort
female,55+,secondary,low,region3,Urban,1 4,TRUE,FALSE,FALSE,TRUE,FALSE,2 3 6,FALSE,TRUE,TRUE,FALSE,FALSE,TRUE,FALSE,FALSE,3,4,5,10,5,NA,I really enjoy reading in my spare time whenever possible
female,18-34,tertiary or higher,middle,region1,Rural,2 4 5,FALSE,TRUE,FALSE,TRUE,TRUE,3 6 8,FALSE,FALSE,TRUE,FALSE,FALSE,TRUE,FALSE,TRUE,5,3,1,62,46,Dissatisfied,I often find myself reading in my spare time on a regular basis
female,55+,secondary,low,region3,Urban,1 2 3,TRUE,TRUE,TRUE,FALSE,FALSE,3 7 8,FALSE,FALSE,TRUE,FALSE,FALSE,FALSE,TRUE,TRUE,1,4,4,24,15,NA,Most of the time I learning new things depending on the season
female,18-34,tertiary or higher,low,region1,Rural,2 4 5,FALSE,TRUE,FALSE,TRUE,TRUE,3 5 6,FALSE,FALSE,TRUE,FALSE,TRUE,TRUE,FALSE,FALSE,4,5,4,87,37,Dissatisfied,Personally I think travelling when I can and would recommend it
male,18-34,secondary,low,region3,Urban,2 4 5,FALSE,TRUE,FALSE,TRUE,TRUE,1 5 8,TRUE,FALSE,FALSE,FALSE,TRUE,FALSE,FALSE,TRUE,2,2,2,93,32,Dissatisfied,I really enjoy keeping active outdoors and find it rewarding
male,35-54,secondary,low,region3,Urban,3 4 5,FALSE,FALSE,TRUE,TRUE,TRUE,4 5 8,FALSE,FALSE,FALSE,TRUE,TRUE,FALSE,FALSE,TRUE,1,4,4,53,23,NA,In my experience keeping active outdoors on a regular basis
male,18-34,tertiary or higher,high,region3,Urban,2 5,FALSE,TRUE,FALSE,FALSE,TRUE,1 5 8,TRUE,FALSE,FALSE,FALSE,TRUE,FALSE,FALSE,TRUE,5,2,5,104,35,NA,In my experience travelling when I can even if it takes effort
male,35-54,tertiary or higher,low,region1,Rural,4 5,FALSE,FALSE,FALSE,TRUE,TRUE,1 2 5,TRUE,TRUE,FALSE,FALSE,TRUE,FALSE,FALSE,FALSE,2,2,5,34,19,NA,Most of the time I reading in my spare time even if it takes effort
male,35-54,tertiary or higher,low,region3,Urban,1 5,TRUE,FALSE,FALSE,FALSE,TRUE,6 7 8,FALSE,FALSE,FALSE,FALSE,FALSE,TRUE,TRUE,TRUE,3,3,5,53,10,NA,I really enjoy staying on top of my health whenever possible
male,18-34,secondary,middle,region3,Urban,4 5,FALSE,FALSE,FALSE,TRUE,TRUE,1 5 7,TRUE,FALSE,FALSE,FALSE,TRUE,FALSE,TRUE,FALSE,1,1,5,71,33,NA,In my experience cooking at home more than I used to
female,18-34,tertiary or higher,low,region2,Rural,2 3 5,FALSE,TRUE,TRUE,FALSE,TRUE,4 6 8,FALSE,FALSE,FALSE,TRUE,FALSE,TRUE,FALSE,TRUE,3,2,3,79,43,Dissatisfied,Personally I think spending time with family when time allows
female,18-34,primary,low,region1,Rural,1 3 4,TRUE,FALSE,TRUE,TRUE,FALSE,3 5 6,FALSE,FALSE,TRUE,FALSE,TRUE,TRUE,FALSE,FALSE,3,4,3,84,41,Dissatisfied,I really enjoy learning new things though it can be difficult
male,35-54,tertiary or higher,middle,region3,Urban,4 5,FALSE,FALSE,FALSE,TRUE,TRUE,3 5 7,FALSE,FALSE,TRUE,FALSE,TRUE,FALSE,TRUE,FALSE,2,3,2,71,36,NA,I really enjoy travelling when I can as much as I can
male,35-54,secondary,high,region3,Urban,5,FALSE,FALSE,FALSE,FALSE,TRUE,3 5 7,FALSE,FALSE,TRUE,FALSE,TRUE,FALSE,TRUE,FALSE,3,5,4,62,22,NA,I often find myself spending time with family as much as I can
male,35-54,secondary,low,region3,Urban,1 4 5,TRUE,FALSE,FALSE,TRUE,TRUE,1 5 6,TRUE,FALSE,FALSE,FALSE,TRUE,TRUE,FALSE,FALSE,1,4,4,75,13,NA,I often find myself staying on top of my health and find it rewarding
male,18-34,secondary,middle,region2,Rural,2 3 4,FALSE,TRUE,TRUE,TRUE,FALSE,1 5 7,TRUE,FALSE,FALSE,FALSE,TRUE,FALSE,TRUE,FALSE,3,2,2,88,42,NA,In my experience keeping active outdoors and find it rewarding
female,18-34,primary,low,region3,Urban,1 2 3,TRUE,TRUE,TRUE,FALSE,FALSE,3 6 7,FALSE,FALSE,TRUE,FALSE,FALSE,TRUE,TRUE,FALSE,4,4,2,67,46,Dissatisfied,In my experience travelling when I can whenever possible
female,55+,secondary,middle,region2,Rural,1 2 5,TRUE,TRUE,FALSE,FALSE,TRUE,3 6 8,FALSE,FALSE,TRUE,FALSE,FALSE,TRUE,FALSE,TRUE,2,4,1,16,6,Neutral,In my experience managing my schedule whenever possible
female,35-54,secondary,low,region3,Urban,3 4 5,FALSE,FALSE,TRUE,TRUE,TRUE,2 7 8,FALSE,TRUE,FALSE,FALSE,FALSE,FALSE,TRUE,TRUE,5,5,4,72,13,Strongly dissatisfied,I often find myself meeting up with friends when time allows
male,18-34,tertiary or higher,high,region2,Rural,5,FALSE,FALSE,FALSE,FALSE,TRUE,2 5 7,FALSE,TRUE,FALSE,FALSE,TRUE,FALSE,TRUE,FALSE,5,1,3,92,38,NA,Most of the time I reading in my spare time on a regular basis
female,18-34,secondary,low,region1,Rural,1 3 5,TRUE,FALSE,TRUE,FALSE,TRUE,3 6 7,FALSE,FALSE,TRUE,FALSE,FALSE,TRUE,TRUE,FALSE,2,5,1,100,38,Dissatisfied,Personally I think learning new things though it can be difficult
female,35-54,secondary,middle,region1,Rural,1 4,TRUE,FALSE,FALSE,TRUE,FALSE,1 6 8,TRUE,FALSE,FALSE,FALSE,FALSE,TRUE,FALSE,TRUE,3,5,5,69,27,Strongly dissatisfied,Most of the time I meeting up with friends more than I used to
female,18-34,secondary,middle,region1,Rural,1 3 4,TRUE,FALSE,TRUE,TRUE,FALSE,4 7 8,FALSE,FALSE,FALSE,TRUE,FALSE,FALSE,TRUE,TRUE,4,3,2,72,29,Strongly dissatisfied,Most of the time I meeting up with friends when time allows
female,18-34,tertiary or higher,middle,region3,Urban,1 2 4,TRUE,TRUE,FALSE,TRUE,FALSE,3 4 6,FALSE,FALSE,TRUE,TRUE,FALSE,TRUE,FALSE,FALSE,3,3,5,67,49,Strongly dissatisfied,Most of the time I reading in my spare time more than I used to
female,18-34,secondary,low,region3,Urban,4,FALSE,FALSE,FALSE,TRUE,FALSE,1 5 8,TRUE,FALSE,FALSE,FALSE,TRUE,FALSE,FALSE,TRUE,5,5,5,72,46,Strongly dissatisfied,I really enjoy staying on top of my health on a regular basis
female,35-54,secondary,high,region3,Urban,1 4,TRUE,FALSE,FALSE,TRUE,FALSE,3 6 8,FALSE,FALSE,TRUE,FALSE,FALSE,TRUE,FALSE,TRUE,3,1,2,50,10,Dissatisfied,I would say reading in my spare time when time allows
male,18-34,tertiary or higher,high,region3,Urban,5,FALSE,FALSE,FALSE,FALSE,TRUE,3 5,FALSE,FALSE,TRUE,FALSE,TRUE,FALSE,FALSE,FALSE,3,2,2,72,46,NA,Personally I think travelling when I can even if it takes effort
male,35-54,secondary,low,region3,Urban,4 5,FALSE,FALSE,FALSE,TRUE,TRUE,3 7 8,FALSE,FALSE,TRUE,FALSE,FALSE,FALSE,TRUE,TRUE,4,4,3,35,32,NA,In my experience keeping active outdoors and find it rewarding
male,55+,tertiary or higher,low,region1,Rural,5,FALSE,FALSE,FALSE,FALSE,TRUE,6 7 8,FALSE,FALSE,FALSE,FALSE,FALSE,TRUE,TRUE,TRUE,2,5,5,49,7,NA,I really enjoy travelling when I can whenever possible
female,35-54,secondary,middle,region3,Urban,3 4,FALSE,FALSE,TRUE,TRUE,FALSE,2 3 7,FALSE,TRUE,TRUE,FALSE,FALSE,FALSE,TRUE,FALSE,3,4,2,35,16,Neutral,In my experience staying on top of my health whenever possible
male,35-54,secondary,middle,region3,Urban,4 5,FALSE,FALSE,FALSE,TRUE,TRUE,1 4 7,TRUE,FALSE,FALSE,TRUE,FALSE,FALSE,TRUE,FALSE,1,3,1,28,22,Neutral,I really enjoy keeping active outdoors and find it rewarding
female,18-34,tertiary or higher,middle,region3,Urban,1 4,TRUE,FALSE,FALSE,TRUE,FALSE,3 6,FALSE,FALSE,TRUE,FALSE,FALSE,TRUE,FALSE,FALSE,5,4,2,110,44,Strongly dissatisfied,I would say staying on top of my health and find it rewarding
female,35-54,secondary,middle,region3,Urban,1 4 5,TRUE,FALSE,FALSE,TRUE,TRUE,3 4 6,FALSE,FALSE,TRUE,TRUE,FALSE,TRUE,FALSE,FALSE,5,5,2,47,24,Dissatisfied,I would say cooking at home even if it takes effort
female,55+,secondary,low,region2,Rural,3 4 5,FALSE,FALSE,TRUE,TRUE,TRUE,6 7 8,FALSE,FALSE,FALSE,FALSE,FALSE,TRUE,TRUE,TRUE,4,4,3,19,15,NA,I would say cooking at home depending on the season
male,55+,tertiary or higher,low,region3,Urban,5,FALSE,FALSE,FALSE,FALSE,TRUE,1 5 7,TRUE,FALSE,FALSE,FALSE,TRUE,FALSE,TRUE,FALSE,3,2,2,9,18,Dissatisfied,I would say keeping active outdoors whenever possible
female,18-34,secondary,middle,region3,Urban,1 3 5,TRUE,FALSE,TRUE,FALSE,TRUE,6 7 8,FALSE,FALSE,FALSE,FALSE,FALSE,TRUE,TRUE,TRUE,4,5,4,83,41,Dissatisfied,In my experience spending time with family as much as I can
female,18-34,tertiary or higher,middle,region3,Urban,1 2 4,TRUE,TRUE,FALSE,TRUE,FALSE,3 4 8,FALSE,FALSE,TRUE,TRUE,FALSE,FALSE,FALSE,TRUE,3,2,1,39,37,Dissatisfied,Personally I think spending time with family on a regular basis
female,35-54,tertiary or higher,high,region1,Rural,1 2 4,TRUE,TRUE,FALSE,TRUE,FALSE,3 6 7,FALSE,FALSE,TRUE,FALSE,FALSE,TRUE,TRUE,FALSE,4,4,1,33,13,Dissatisfied,I would say meeting up with friends when time allows
female,35-54,secondary,low,region3,Urban,1 3 4,TRUE,FALSE,TRUE,TRUE,FALSE,3 6 8,FALSE,FALSE,TRUE,FALSE,FALSE,TRUE,FALSE,TRUE,4,3,2,49,25,Neutral,Most of the time I staying on top of my health and would recommend it
male,18-34,tertiary or higher,middle,region3,Urban,2 4,FALSE,TRUE,FALSE,TRUE,FALSE,4 5 8,FALSE,FALSE,FALSE,TRUE,TRUE,FALSE,FALSE,TRUE,2,2,4,76,33,Neutral,In my experience cooking at home whenever possible
female,18-34,tertiary or higher,low,region3,Urban,1 3 4,TRUE,FALSE,TRUE,TRUE,FALSE,1 3 7,TRUE,FALSE,TRUE,FALSE,FALSE,FALSE,TRUE,FALSE,3,3,2,62,40,NA,I would say spending time with family on a regular basis
female,18-34,secondary,middle,region2,Rural,3 4 5,FALSE,FALSE,TRUE,TRUE,TRUE,3 6 7,FALSE,FALSE,TRUE,FALSE,FALSE,TRUE,TRUE,FALSE,5,1,5,117,42,Dissatisfied,I really enjoy cooking at home on a regular basis
female,35-54,tertiary or higher,middle,region3,Urban,1 3,TRUE,FALSE,TRUE,FALSE,FALSE,3 5 7,FALSE,FALSE,TRUE,FALSE,TRUE,FALSE,TRUE,FALSE,3,5,2,92,27,Dissatisfied,I would say managing my schedule more than I used to
male,18-34,secondary,high,region3,Urban,1 4 5,TRUE,FALSE,FALSE,TRUE,TRUE,1 4 8,TRUE,FALSE,FALSE,TRUE,FALSE,FALSE,FALSE,TRUE,2,3,4,103,33,Neutral,I would say cooking at home even if it takes effort
male,35-54,tertiary or higher,high,region3,Urban,,FALSE,FALSE,FALSE,FALSE,FALSE,2 4 5,FALSE,TRUE,FALSE,TRUE,TRUE,FALSE,FALSE,FALSE,5,4,1,60,26,NA,Most of the time I spending time with family as much as I can
female,35-54,secondary,high,region2,Rural,,FALSE,FALSE,FALSE,FALSE,FALSE,1 3 8,TRUE,FALSE,TRUE,FALSE,FALSE,FALSE,FALSE,TRUE,5,4,3,95,24,Strongly dissatisfied,I really enjoy spending time with family whenever possible
female,18-34,tertiary or higher,low,region3,Urban,3 4 5,FALSE,FALSE,TRUE,TRUE,TRUE,4 6 7,FALSE,FALSE,FALSE,TRUE,FALSE,TRUE,TRUE,FALSE,3,5,1,103,41,Dissatisfied,In my experience staying on top of my health more than I used to
male,55+,secondary,low,region3,Urban,5,FALSE,FALSE,FALSE,FALSE,TRUE,4 6 7,FALSE,FALSE,FALSE,TRUE,FALSE,TRUE,TRUE,FALSE,1,1,3,30,16,Dissatisfied,I would say managing my schedule and find it rewarding
female,35-54,secondary,high,region1,Rural,3 5,FALSE,FALSE,TRUE,FALSE,TRUE,6 7 8,FALSE,FALSE,FALSE,FALSE,FALSE,TRUE,TRUE,TRUE,5,5,1,62,26,Dissatisfied,Most of the time I reading in my spare time and find it rewarding
female,35-54,tertiary or higher,low,region3,Urban,1 2 4,TRUE,TRUE,FALSE,TRUE,FALSE,2 6 8,FALSE,TRUE,FALSE,FALSE,FALSE,TRUE,FALSE,TRUE,3,4,2,62,29,Dissatisfied,In my experience learning new things though it can be difficult
female,18-34,tertiary or higher,low,region3,Urban,1,TRUE,FALSE,FALSE,FALSE,FALSE,4 6 8,FALSE,FALSE,FALSE,TRUE,FALSE,TRUE,FALSE,TRUE,5,4,5,73,36,Strongly dissatisfied,Most of the time I meeting up with friends and would recommend it
male,35-54,tertiary or higher,middle,region3,Urban,5,FALSE,FALSE,FALSE,FALSE,TRUE,1 5 8,TRUE,FALSE,FALSE,FALSE,TRUE,FALSE,FALSE,TRUE,1,1,5,55,40,NA,I really enjoy travelling when I can depending on the season
female,35-54,secondary,low,region1,Rural,1 3 4,TRUE,FALSE,TRUE,TRUE,FALSE,3 6 7,FALSE,FALSE,TRUE,FALSE,FALSE,TRUE,TRUE,FALSE,5,4,5,38,20,NA,Personally I think spending time with family on a regular basis
male,35-54,primary,high,region3,Urban,1 5,TRUE,FALSE,FALSE,FALSE,TRUE,1 5,TRUE,FALSE,FALSE,FALSE,TRUE,FALSE,FALSE,FALSE,2,1,5,37,16,Neutral,I would say spending time with family whenever possible
female,18-34,tertiary or higher,middle,region1,Rural,1 5,TRUE,FALSE,FALSE,FALSE,TRUE,1 2 4,TRUE,TRUE,FALSE,TRUE,FALSE,FALSE,FALSE,FALSE,5,5,4,100,40,Strongly dissatisfied,Personally I think learning new things and would recommend it
female,18-34,tertiary or higher,high,region2,Rural,1 2 3,TRUE,TRUE,TRUE,FALSE,FALSE,2 4 6,FALSE,TRUE,FALSE,TRUE,FALSE,TRUE,FALSE,FALSE,4,4,4,110,36,Dissatisfied,In my experience keeping active outdoors on a regular basis
female,35-54,primary,low,region3,Urban,1,TRUE,FALSE,FALSE,FALSE,FALSE,3 6 7,FALSE,FALSE,TRUE,FALSE,FALSE,TRUE,TRUE,FALSE,5,4,3,78,28,Dissatisfied,In my experience meeting up with friends and would recommend it
female,35-54,primary,low,region1,Rural,1 3 4,TRUE,FALSE,TRUE,TRUE,FALSE,6 7 8,FALSE,FALSE,FALSE,FALSE,FALSE,TRUE,TRUE,TRUE,4,2,1,92,28,Dissatisfied,I often find myself meeting up with friends though it can be difficult
female,35-54,secondary,low,region3,Urban,1 3 4,TRUE,FALSE,TRUE,TRUE,FALSE,3 4 8,FALSE,FALSE,TRUE,TRUE,FALSE,FALSE,FALSE,TRUE,1,2,4,100,22,NA,I really enjoy cooking at home depending on the season
female,35-54,secondary,low,region3,Urban,1 3 5,TRUE,FALSE,TRUE,FALSE,TRUE,3 5 8,FALSE,FALSE,TRUE,FALSE,TRUE,FALSE,FALSE,TRUE,5,3,1,32,24,Neutral,In my experience keeping active outdoors whenever possible
female,18-34,primary,low,region1,Rural,1 3 4,TRUE,FALSE,TRUE,TRUE,FALSE,3 6 7,FALSE,FALSE,TRUE,FALSE,FALSE,TRUE,TRUE,FALSE,5,3,1,98,34,Dissatisfied,I really enjoy travelling when I can even if it takes effort
female,35-54,secondary,high,region3,Urban,1 3 4,TRUE,FALSE,TRUE,TRUE,FALSE,4 6,FALSE,FALSE,FALSE,TRUE,FALSE,TRUE,FALSE,FALSE,5,5,3,56,35,Dissatisfied,Most of the time I reading in my spare time when time allows
male,18-34,primary,high,region1,Rural,5,FALSE,FALSE,FALSE,FALSE,TRUE,4 5 7,FALSE,FALSE,FALSE,TRUE,TRUE,FALSE,TRUE,FALSE,2,1,5,113,34,Strongly dissatisfied,Personally I think travelling when I can though it can be difficult
male,35-54,secondary,low,region1,Rural,1 3 5,TRUE,FALSE,TRUE,FALSE,TRUE,4,FALSE,FALSE,FALSE,TRUE,FALSE,FALSE,FALSE,FALSE,3,5,5,38,15,NA,Most of the time I meeting up with friends as much as I can
female,18-34,secondary,high,region1,Rural,1 3 4,TRUE,FALSE,TRUE,TRUE,FALSE,5 7 8,FALSE,FALSE,FALSE,FALSE,TRUE,FALSE,TRUE,TRUE,5,4,1,93,46,Strongly dissatisfied,I really enjoy spending time with family when time allows
male,35-54,secondary,high,region3,Urban,5,FALSE,FALSE,FALSE,FALSE,TRUE,1 5 6,TRUE,FALSE,FALSE,FALSE,TRUE,TRUE,FALSE,FALSE,3,2,4,37,28,NA,I would say managing my schedule when time allows
male,55+,secondary,middle,region1,Rural,1 5,TRUE,FALSE,FALSE,FALSE,TRUE,1 5 7,TRUE,FALSE,FALSE,FALSE,TRUE,FALSE,TRUE,FALSE,3,2,4,4,22,NA,I would say keeping active outdoors though it can be difficult
female,18-34,tertiary or higher,high,region1,Rural,1 2 3,TRUE,TRUE,TRUE,FALSE,FALSE,2 3 4,FALSE,TRUE,TRUE,TRUE,FALSE,FALSE,FALSE,FALSE,1,3,5,102,40,Strongly dissatisfied,I often find myself managing my schedule though it can be difficult
female,35-54,secondary,high,region3,Urban,3 4 5,FALSE,FALSE,TRUE,TRUE,TRUE,3 5 6,FALSE,FALSE,TRUE,FALSE,TRUE,TRUE,FALSE,FALSE,4,4,4,35,25,Neutral,Personally I think learning new things whenever possible
male,35-54,secondary,high,region1,Rural,4 5,FALSE,FALSE,FALSE,TRUE,TRUE,1 7 8,TRUE,FALSE,FALSE,FALSE,FALSE,FALSE,TRUE,TRUE,4,3,1,65,10,NA,Personally I think staying on top of my health on a regular basis
female,35-54,secondary,low,region1,Rural,1 3 5,TRUE,FALSE,TRUE,FALSE,TRUE,3 6 8,FALSE,FALSE,TRUE,FALSE,FALSE,TRUE,FALSE,TRUE,1,3,5,59,28,Strongly dissatisfied,I would say meeting up with friends more than I used to
female,18-34,tertiary or higher,high,region3,Urban,1 2 3,TRUE,TRUE,TRUE,FALSE,FALSE,2 3 4,FALSE,TRUE,TRUE,TRUE,FALSE,FALSE,FALSE,FALSE,5,4,5,106,45,Neutral,Personally I think staying on top of my health when time allows
female,35-54,tertiary or higher,low,region3,Urban,1 2 4,TRUE,TRUE,FALSE,TRUE,FALSE,3 6 8,FALSE,FALSE,TRUE,FALSE,FALSE,TRUE,FALSE,TRUE,5,2,3,90,14,Strongly dissatisfied,Most of the time I spending time with family and would recommend it
female,35-54,secondary,high,region2,Rural,1 3 4,TRUE,FALSE,TRUE,TRUE,FALSE,3 6 7,FALSE,FALSE,TRUE,FALSE,FALSE,TRUE,TRUE,FALSE,4,5,5,53,19,Neutral,Most of the time I learning new things depending on the season
female,35-54,secondary,middle,region1,Rural,1 2,TRUE,TRUE,FALSE,FALSE,FALSE,2 4 7,FALSE,TRUE,FALSE,TRUE,FALSE,FALSE,TRUE,FALSE,3,4,2,70,18,Dissatisfied,I would say meeting up with friends though it can be difficult
female,18-34,tertiary or higher,low,region2,Rural,1 3,TRUE,FALSE,TRUE,FALSE,FALSE,2 6 7,FALSE,TRUE,FALSE,FALSE,FALSE,TRUE,TRUE,FALSE,3,4,1,93,41,Strongly dissatisfied,Most of the time I keeping active outdoors more than I used to
female,18-34,secondary,middle,region3,Urban,3 4 5,FALSE,FALSE,TRUE,TRUE,TRUE,3 4 8,FALSE,FALSE,TRUE,TRUE,FALSE,FALSE,FALSE,TRUE,5,5,1,110,19,Strongly dissatisfied,I would say managing my schedule as much as I can
male,35-54,tertiary or higher,low,region1,Rural,5,FALSE,FALSE,FALSE,FALSE,TRUE,2 5 8,FALSE,TRUE,FALSE,FALSE,TRUE,FALSE,FALSE,TRUE,4,2,3,60,30,NA,In my experience travelling when I can and would recommend it
female,18-34,secondary,middle,region3,Urban,1 2 3,TRUE,TRUE,TRUE,FALSE,FALSE,2 3 4,FALSE,TRUE,TRUE,TRUE,FALSE,FALSE,FALSE,FALSE,4,2,5,69,35,Dissatisfied,Personally I think travelling when I can when time allows
female,35-54,primary,middle,region2,Rural,3 4,FALSE,FALSE,TRUE,TRUE,FALSE,3 6 7,FALSE,FALSE,TRUE,FALSE,FALSE,TRUE,TRUE,FALSE,4,4,5,73,34,Dissatisfied,I often find myself learning new things when time allows
female,18-34,secondary,low,region3,Urban,1 3,TRUE,FALSE,TRUE,FALSE,FALSE,1 6 7,TRUE,FALSE,FALSE,FALSE,FALSE,TRUE,TRUE,FALSE,5,2,5,78,30,Dissatisfied,I really enjoy cooking at home on a regular basis
female,18-34,tertiary or higher,middle,region1,Rural,1 2 4,TRUE,TRUE,FALSE,TRUE,FALSE,2 7 8,FALSE,TRUE,FALSE,FALSE,FALSE,FALSE,TRUE,TRUE,5,2,2,90,37,Neutral,Most of the time I managing my schedule though it can be difficult
female,55+,tertiary or higher,middle,region3,Urban,1 3 4,TRUE,FALSE,TRUE,TRUE,FALSE,1 3 5,TRUE,FALSE,TRUE,FALSE,TRUE,FALSE,FALSE,FALSE,4,2,1,29,14,NA,I would say staying on top of my health whenever possible
male,35-54,tertiary or higher,middle,region2,Rural,5,FALSE,FALSE,FALSE,FALSE,TRUE,1 4 7,TRUE,FALSE,FALSE,TRUE,FALSE,FALSE,TRUE,FALSE,1,2,2,61,11,NA,Personally I think managing my schedule and find it rewarding
female,35-54,primary,middle,region2,Rural,1 3,TRUE,FALSE,TRUE,FALSE,FALSE,2 3 6,FALSE,TRUE,TRUE,FALSE,FALSE,TRUE,FALSE,FALSE,3,5,4,65,26,Neutral,I often find myself cooking at home on a regular basis
female,35-54,secondary,low,region3,Urban,1 3 4,TRUE,FALSE,TRUE,TRUE,FALSE,3 6 7,FALSE,FALSE,TRUE,FALSE,FALSE,TRUE,TRUE,FALSE,3,4,4,45,31,Strongly dissatisfied,I really enjoy staying on top of my health though it can be difficult
male,18-34,secondary,high,region2,Rural,4 5,FALSE,FALSE,FALSE,TRUE,TRUE,1 5 8,TRUE,FALSE,FALSE,FALSE,TRUE,FALSE,FALSE,TRUE,1,3,5,96,31,Neutral,Most of the time I managing my schedule even if it takes effort
male,18-34,tertiary or higher,low,region1,Rural,5,FALSE,FALSE,FALSE,FALSE,TRUE,1 5 8,TRUE,FALSE,FALSE,FALSE,TRUE,FALSE,FALSE,TRUE,4,3,1,89,48,Dissatisfied,Personally I think travelling when I can even if it takes effort
male,35-54,secondary,high,region3,Urban,5,FALSE,FALSE,FALSE,FALSE,TRUE,4 5 8,FALSE,FALSE,FALSE,TRUE,TRUE,FALSE,FALSE,TRUE,2,3,3,84,31,Dissatisfied,I really enjoy spending time with family as much as I can
female,35-54,secondary,middle,region1,Rural,1 2 4,TRUE,TRUE,FALSE,TRUE,FALSE,4 5 7,FALSE,FALSE,FALSE,TRUE,TRUE,FALSE,TRUE,FALSE,4,2,5,30,32,NA,Most of the time I reading in my spare time and find it rewarding
female,35-54,tertiary or higher,low,region3,Urban,1,TRUE,FALSE,FALSE,FALSE,FALSE,3 5 8,FALSE,FALSE,TRUE,FALSE,TRUE,FALSE,FALSE,TRUE,3,5,5,70,23,NA,In my experience learning new things as much as I can
male,55+,secondary,middle,region3,Urban,1 5,TRUE,FALSE,FALSE,FALSE,TRUE,4 7 8,FALSE,FALSE,FALSE,TRUE,FALSE,FALSE,TRUE,TRUE,2,2,3,22,12,NA,Personally I think reading in my spare time and would recommend it
female,18-34,tertiary or higher,middle,region3,Urban,3,FALSE,FALSE,TRUE,FALSE,FALSE,1 2 3,TRUE,TRUE,TRUE,FALSE,FALSE,FALSE,FALSE,FALSE,2,4,4,88,46,Strongly dissatisfied,I really enjoy reading in my spare time on a regular basis
female,18-34,tertiary or higher,middle,region2,Rural,1 3 4,TRUE,FALSE,TRUE,TRUE,FALSE,3 6,FALSE,FALSE,TRUE,FALSE,FALSE,TRUE,FALSE,FALSE,3,4,5,75,40,Dissatisfied,Most of the time I travelling when I can more than I used to
male,35-54,tertiary or higher,high,region3,Urban,1 2 5,TRUE,TRUE,FALSE,FALSE,TRUE,1 4 7,TRUE,FALSE,FALSE,TRUE,FALSE,FALSE,TRUE,FALSE,2,3,3,63,17,Dissatisfied,I would say staying on top of my health and find it rewarding
female,18-34,tertiary or higher,low,region3,Urban,1 5,TRUE,FALSE,FALSE,FALSE,TRUE,4 7 8,FALSE,FALSE,FALSE,TRUE,FALSE,FALSE,TRUE,TRUE,5,3,1,70,34,Strongly dissatisfied,In my experience cooking at home though it can be difficult
male,18-34,tertiary or higher,high,region2,Rural,5,FALSE,FALSE,FALSE,FALSE,TRUE,1 4 8,TRUE,FALSE,FALSE,TRUE,FALSE,FALSE,FALSE,TRUE,3,4,2,75,28,Neutral,In my experience spending time with family depending on the season
male,35-54,tertiary or higher,low,region3,Urban,2 4 5,FALSE,TRUE,FALSE,TRUE,TRUE,1 4 5,TRUE,FALSE,FALSE,TRUE,TRUE,FALSE,FALSE,FALSE,5,4,5,34,25,NA,I would say keeping active outdoors even if it takes effort
female,35-54,secondary,middle,region2,Rural,1 2 3,TRUE,TRUE,TRUE,FALSE,FALSE,1 6 7,TRUE,FALSE,FALSE,FALSE,FALSE,TRUE,TRUE,FALSE,4,4,2,85,33,NA,In my experience spending time with family on a regular basis
male,18-34,tertiary or higher,middle,region1,Rural,5,FALSE,FALSE,FALSE,FALSE,TRUE,1 2 5,TRUE,TRUE,FALSE,FALSE,TRUE,FALSE,FALSE,FALSE,1,1,2,88,45,Dissatisfied,Personally I think spending time with family even if it takes effort
female,35-54,tertiary or higher,high,region3,Urban,3 4 5,FALSE,FALSE,TRUE,TRUE,TRUE,6 7 8,FALSE,FALSE,FALSE,FALSE,FALSE,TRUE,TRUE,TRUE,4,2,1,50,39,Neutral,I really enjoy keeping active outdoors more than I used to
female,18-34,tertiary or higher,middle,region2,Rural,1 3,TRUE,FALSE,TRUE,FALSE,FALSE,3 7 8,FALSE,FALSE,TRUE,FALSE,FALSE,FALSE,TRUE,TRUE,4,4,4,101,44,Neutral,Most of the time I cooking at home more than I used to
male,18-34,tertiary or higher,low,region2,Rural,2 5,FALSE,TRUE,FALSE,FALSE,TRUE,5 7 8,FALSE,FALSE,FALSE,FALSE,TRUE,FALSE,TRUE,TRUE,3,3,1,81,47,Neutral,I would say managing my schedule when time allows
female,35-54,primary,high,region3,Urban,1 2 4,TRUE,TRUE,FALSE,TRUE,FALSE,2 4 8,FALSE,TRUE,FALSE,TRUE,FALSE,FALSE,FALSE,TRUE,1,5,2,85,13,NA,I often find myself spending time with family when time allows
female,18-34,tertiary or higher,low,region2,Rural,1 2 3,TRUE,TRUE,TRUE,FALSE,FALSE,3 4 7,FALSE,FALSE,TRUE,TRUE,FALSE,FALSE,TRUE,FALSE,5,5,4,77,21,Strongly dissatisfied,I would say spending time with family depending on the season
female,18-34,primary,middle,region1,Rural,1 3,TRUE,FALSE,TRUE,FALSE,FALSE,3 4 6,FALSE,FALSE,TRUE,TRUE,FALSE,TRUE,FALSE,FALSE,4,4,4,86,33,Dissatisfied,I would say managing my schedule whenever possible
female,18-34,secondary,low,region1,Rural,1 3 4,TRUE,FALSE,TRUE,TRUE,FALSE,3 5 7,FALSE,FALSE,TRUE,FALSE,TRUE,FALSE,TRUE,FALSE,1,1,2,94,42,Dissatisfied,Personally I think staying on top of my health more than I used to
female,18-34,tertiary or higher,high,region2,Rural,1 2,TRUE,TRUE,FALSE,FALSE,FALSE,3 5 7,FALSE,FALSE,TRUE,FALSE,TRUE,FALSE,TRUE,FALSE,5,1,5,113,39,Strongly dissatisfied,In my experience meeting up with friends when time allows
female,35-54,secondary,middle,region2,Rural,1 3 5,TRUE,FALSE,TRUE,FALSE,TRUE,3 6 7,FALSE,FALSE,TRUE,FALSE,FALSE,TRUE,TRUE,FALSE,3,3,5,39,21,Neutral,I often find myself meeting up with friends more than I used to
female,35-54,secondary,low,region3,Urban,1 3 4,TRUE,FALSE,TRUE,TRUE,FALSE,1 3 6,TRUE,FALSE,TRUE,FALSE,FALSE,TRUE,FALSE,FALSE,5,5,1,66,27,Dissatisfied,Most of the time I meeting up with friends more than I used to
female,35-54,secondary,high,region3,Urban,1 3 4,TRUE,FALSE,TRUE,TRUE,FALSE,3 6 8,FALSE,FALSE,TRUE,FALSE,FALSE,TRUE,FALSE,TRUE,4,2,1,37,15,Strongly dissatisfied,Most of the time I staying on top of my health on a regular basis
male,18-34,secondary,high,region3,Urban,5,FALSE,FALSE,FALSE,FALSE,TRUE,1 4 8,TRUE,FALSE,FALSE,TRUE,FALSE,FALSE,FALSE,TRUE,1,1,5,109,31,NA,Personally I think cooking at home though it can be difficult
female,35-54,secondary,high,region3,Urban,1 3 4,TRUE,FALSE,TRUE,TRUE,FALSE,1 3 4,TRUE,FALSE,TRUE,TRUE,FALSE,FALSE,FALSE,FALSE,1,5,2,34,19,Dissatisfied,I often find myself travelling when I can as much as I can
female,18-34,tertiary or higher,high,region1,Rural,3,FALSE,FALSE,TRUE,FALSE,FALSE,5 6 8,FALSE,FALSE,FALSE,FALSE,TRUE,TRUE,FALSE,TRUE,4,3,5,109,41,Strongly dissatisfied,I often find myself managing my schedule though it can be difficult
female,18-34,primary,low,region2,Rural,2 4 5,FALSE,TRUE,FALSE,TRUE,TRUE,1 6 7,TRUE,FALSE,FALSE,FALSE,FALSE,TRUE,TRUE,FALSE,3,5,5,104,33,Dissatisfied,I really enjoy staying on top of my health depending on the season
female,18-34,secondary,low,region2,Rural,1 2 4,TRUE,TRUE,FALSE,TRUE,FALSE,3 4 6,FALSE,FALSE,TRUE,TRUE,FALSE,TRUE,FALSE,FALSE,3,4,1,81,33,Dissatisfied,I really enjoy spending time with family and would recommend it
female,35-54,secondary,middle,region2,Rural,1 3,TRUE,FALSE,TRUE,FALSE,FALSE,3 4 6,FALSE,FALSE,TRUE,TRUE,FALSE,TRUE,FALSE,FALSE,3,5,2,29,26,Neutral,In my experience spending time with family though it can be difficult
female,35-54,secondary,high,region1,Rural,3 4 5,FALSE,FALSE,TRUE,TRUE,TRUE,3 4 6,FALSE,FALSE,TRUE,TRUE,FALSE,TRUE,FALSE,FALSE,4,4,5,77,25,NA,In my experience staying on top of my health whenever possible
male,18-34,secondary,low,region2,Rural,4 5,FALSE,FALSE,FALSE,TRUE,TRUE,1 6 7,TRUE,FALSE,FALSE,FALSE,FALSE,TRUE,TRUE,FALSE,5,2,1,115,35,Dissatisfied,I would say meeting up with friends as much as I can
male,35-54,tertiary or higher,low,region1,Rural,2 4 5,FALSE,TRUE,FALSE,TRUE,TRUE,1 4 5,TRUE,FALSE,FALSE,TRUE,TRUE,FALSE,FALSE,FALSE,1,2,2,37,16,Neutral,I often find myself spending time with family when time allows
female,18-34,tertiary or higher,high,region1,Rural,1 3,TRUE,FALSE,TRUE,FALSE,FALSE,3 5 8,FALSE,FALSE,TRUE,FALSE,TRUE,FALSE,FALSE,TRUE,1,1,4,97,43,Strongly dissatisfied,In my experience spending time with family when time allows
female,35-54,secondary,high,region2,Rural,3,FALSE,FALSE,TRUE,FALSE,FALSE,3 6 8,FALSE,FALSE,TRUE,FALSE,FALSE,TRUE,FALSE,TRUE,3,4,2,61,22,Dissatisfied,Most of the time I travelling when I can and would recommend it
female,18-34,tertiary or higher,low,region3,Urban,3 4,FALSE,FALSE,TRUE,TRUE,FALSE,3 6 8,FALSE,FALSE,TRUE,FALSE,FALSE,TRUE,FALSE,TRUE,4,4,2,103,48,Dissatisfied,I often find myself keeping active outdoors whenever possible
female,35-54,tertiary or higher,low,region3,Urban,1 2 3,TRUE,TRUE,TRUE,FALSE,FALSE,6,FALSE,FALSE,FALSE,FALSE,FALSE,TRUE,FALSE,FALSE,3,4,3,87,22,Neutral,Most of the time I travelling when I can when time allows
male,55+,tertiary or higher,high,region2,Rural,5,FALSE,FALSE,FALSE,FALSE,TRUE,1 5 8,TRUE,FALSE,FALSE,FALSE,TRUE,FALSE,FALSE,TRUE,2,3,3,7,11,NA,Personally I think managing my schedule as much as I can
male,18-34,primary,high,region3,Urban,5,FALSE,FALSE,FALSE,FALSE,TRUE,4 5 7,FALSE,FALSE,FALSE,TRUE,TRUE,FALSE,TRUE,FALSE,2,3,3,64,45,Neutral,In my experience travelling when I can though it can be difficult
female,18-34,primary,high,region2,Rural,2 3,FALSE,TRUE,TRUE,FALSE,FALSE,5 6 7,FALSE,FALSE,FALSE,FALSE,TRUE,TRUE,TRUE,FALSE,1,4,4,94,28,Strongly dissatisfied,I often find myself staying on top of my health though it can be difficult
female,18-34,primary,middle,region2,Rural,1 3,TRUE,FALSE,TRUE,FALSE,FALSE,4 6 7,FALSE,FALSE,FALSE,TRUE,FALSE,TRUE,TRUE,FALSE,4,4,2,67,47,Strongly dissatisfied,In my experience managing my schedule on a regular basis
female,35-54,tertiary or higher,high,region2,Rural,1 2 4,TRUE,TRUE,FALSE,TRUE,FALSE,6 7 8,FALSE,FALSE,FALSE,FALSE,FALSE,TRUE,TRUE,TRUE,3,5,4,96,13,Neutral,I often find myself reading in my spare time whenever possible
female,35-54,primary,low,region3,Urban,1 3,TRUE,FALSE,TRUE,FALSE,FALSE,3 6 7,FALSE,FALSE,TRUE,FALSE,FALSE,TRUE,TRUE,FALSE,4,3,1,32,30,Neutral,I often find myself cooking at home though it can be difficult
female,35-54,primary,high,region3,Urban,1 4 5,TRUE,FALSE,FALSE,TRUE,TRUE,1 2 5,TRUE,TRUE,FALSE,FALSE,TRUE,FALSE,FALSE,FALSE,4,1,4,29,32,NA,In my experience travelling when I can as much as I can
female,35-54,primary,high,region2,Rural,2 3 4,FALSE,TRUE,TRUE,TRUE,FALSE,3 5 8,FALSE,FALSE,TRUE,FALSE,TRUE,FALSE,FALSE,TRUE,4,5,2,87,19,Strongly dissatisfied,I often find myself staying on top of my health as much as I can
male,18-34,tertiary or higher,middle,region1,Rural,2,FALSE,TRUE,FALSE,FALSE,FALSE,4 5 8,FALSE,FALSE,FALSE,TRUE,TRUE,FALSE,FALSE,TRUE,3,2,2,108,31,NA,I would say managing my schedule though it can be difficult
male,18-34,secondary,middle,region3,Urban,2,FALSE,TRUE,FALSE,FALSE,FALSE,2 6 7,FALSE,TRUE,FALSE,FALSE,FALSE,TRUE,TRUE,FALSE,2,5,4,104,32,Dissatisfied,I would say cooking at home when time allows
female,35-54,secondary,high,region1,Rural,1 3 5,TRUE,FALSE,TRUE,FALSE,TRUE,3 6 8,FALSE,FALSE,TRUE,FALSE,FALSE,TRUE,FALSE,TRUE,4,4,3,50,40,NA,Personally I think reading in my spare time even if it takes effort
female,18-34,secondary,middle,region1,Rural,1 2 3,TRUE,TRUE,TRUE,FALSE,FALSE,3 4 6,FALSE,FALSE,TRUE,TRUE,FALSE,TRUE,FALSE,FALSE,2,5,5,103,32,Strongly dissatisfied,Personally I think keeping active outdoors as much as I can
female,18-34,secondary,high,region1,Rural,1 3 4,TRUE,FALSE,TRUE,TRUE,FALSE,3 4 6,FALSE,FALSE,TRUE,TRUE,FALSE,TRUE,FALSE,FALSE,5,4,3,84,38,NA,In my experience learning new things when time allows
female,18-34,primary,middle,region2,Rural,1 5,TRUE,FALSE,FALSE,FALSE,TRUE,3 6 8,FALSE,FALSE,TRUE,FALSE,FALSE,TRUE,FALSE,TRUE,3,5,2,97,34,NA,Most of the time I reading in my spare time and find it rewarding
female,18-34,tertiary or higher,middle,region3,Urban,1 2 3,TRUE,TRUE,TRUE,FALSE,FALSE,1 3 6,TRUE,FALSE,TRUE,FALSE,FALSE,TRUE,FALSE,FALSE,5,4,1,109,34,NA,In my experience spending time with family whenever possible
male,18-34,tertiary or higher,high,region3,Urban,2 5,FALSE,TRUE,FALSE,FALSE,TRUE,1 7 8,TRUE,FALSE,FALSE,FALSE,FALSE,FALSE,TRUE,TRUE,2,3,5,102,30,NA,I often find myself managing my schedule as much as I can
female,35-54,secondary,middle,region3,Urban,1 3 4,TRUE,FALSE,TRUE,TRUE,FALSE,2 4 6,FALSE,TRUE,FALSE,TRUE,FALSE,TRUE,FALSE,FALSE,4,5,2,48,20,Strongly dissatisfied,In my experience keeping active outdoors when time allows
female,35-54,tertiary or higher,low,region3,Urban,1 3,TRUE,FALSE,TRUE,FALSE,FALSE,4 5 6,FALSE,FALSE,FALSE,TRUE,TRUE,TRUE,FALSE,FALSE,2,2,3,48,11,Dissatisfied,Most of the time I reading in my spare time even if it takes effort
female,35-54,secondary,middle,region1,Rural,1 4,TRUE,FALSE,FALSE,TRUE,FALSE,4 6 8,FALSE,FALSE,FALSE,TRUE,FALSE,TRUE,FALSE,TRUE,3,3,2,54,12,NA,I really enjoy meeting up with friends whenever possible
male,18-34,tertiary or higher,middle,region3,Urban,4,FALSE,FALSE,FALSE,TRUE,FALSE,1 5 7,TRUE,FALSE,FALSE,FALSE,TRUE,FALSE,TRUE,FALSE,2,3,1,90,31,NA,I would say learning new things depending on the season
female,18-34,primary,middle,region2,Rural,1 3 4,TRUE,FALSE,TRUE,TRUE,FALSE,2 6 8,FALSE,TRUE,FALSE,FALSE,FALSE,TRUE,FALSE,TRUE,2,5,2,52,26,Strongly dissatisfied,I often find myself learning new things when time allows
male,35-54,tertiary or higher,high,region3,Urban,2 5,FALSE,TRUE,FALSE,FALSE,TRUE,1 4 8,TRUE,FALSE,FALSE,TRUE,FALSE,FALSE,FALSE,TRUE,2,1,5,33,37,NA,I would say travelling when I can and find it rewarding
male,55+,tertiary or higher,low,region2,Rural,4 5,FALSE,FALSE,FALSE,TRUE,TRUE,1 5 6,TRUE,FALSE,FALSE,FALSE,TRUE,TRUE,FALSE,FALSE,2,4,3,16,8,NA,I often find myself travelling when I can as much as I can
male,35-54,primary,middle,region3,Urban,1 2 5,TRUE,TRUE,FALSE,FALSE,TRUE,4 5 8,FALSE,FALSE,FALSE,TRUE,TRUE,FALSE,FALSE,TRUE,2,4,5,85,14,NA,I really enjoy reading in my spare time more than I used to
female,35-54,secondary,high,region1,Rural,1 3 4,TRUE,FALSE,TRUE,TRUE,FALSE,6,FALSE,FALSE,FALSE,FALSE,FALSE,TRUE,FALSE,FALSE,4,4,2,82,11,NA,Most of the time I travelling when I can more than I used to
female,35-54,secondary,low,region1,Rural,3 4 5,FALSE,FALSE,TRUE,TRUE,TRUE,1 4 6,TRUE,FALSE,FALSE,TRUE,FALSE,TRUE,FALSE,FALSE,3,4,4,66,34,Dissatisfied,I really enjoy meeting up with friends when time allows
female,35-54,secondary,low,region3,Urban,1 4,TRUE,FALSE,FALSE,TRUE,FALSE,3 6 7,FALSE,FALSE,TRUE,FALSE,FALSE,TRUE,TRUE,FALSE,3,5,1,71,24,Strongly dissatisfied,Most of the time I meeting up with friends when time allows
female,55+,secondary,high,region3,Urban,1 3 4,TRUE,FALSE,TRUE,TRUE,FALSE,1 6 8,TRUE,FALSE,FALSE,FALSE,FALSE,TRUE,FALSE,TRUE,4,2,3,36,6,Neutral,Personally I think keeping active outdoors depending on the season
male,18-34,secondary,high,region3,Urban,5,FALSE,FALSE,FALSE,FALSE,TRUE,4 8,FALSE,FALSE,FALSE,TRUE,FALSE,FALSE,FALSE,TRUE,5,3,1,109,39,Strongly dissatisfied,Personally I think spending time with family even if it takes effort
male,35-54,secondary,middle,region1,Rural,4 5,FALSE,FALSE,FALSE,TRUE,TRUE,2 4 8,FALSE,TRUE,FALSE,TRUE,FALSE,FALSE,FALSE,TRUE,3,4,5,107,26,Neutral,I would say keeping active outdoors depending on the season
female,18-34,secondary,high,region3,Urban,1 2 3,TRUE,TRUE,TRUE,FALSE,FALSE,2 3 8,FALSE,TRUE,TRUE,FALSE,FALSE,FALSE,FALSE,TRUE,5,2,1,89,35,Dissatisfied,I really enjoy meeting up with friends and find it rewarding
male,35-54,secondary,low,region1,Rural,5,FALSE,FALSE,FALSE,FALSE,TRUE,1 4 5,TRUE,FALSE,FALSE,TRUE,TRUE,FALSE,FALSE,FALSE,3,3,3,83,22,NA,Personally I think spending time with family and find it rewarding
male,55+,tertiary or higher,middle,region1,Rural,1 4 5,TRUE,FALSE,FALSE,TRUE,TRUE,4 5 8,FALSE,FALSE,FALSE,TRUE,TRUE,FALSE,FALSE,TRUE,1,1,2,34,29,Neutral,Most of the time I managing my schedule more than I used to
male,35-54,secondary,low,region3,Urban,1 5,TRUE,FALSE,FALSE,FALSE,TRUE,2 5 7,FALSE,TRUE,FALSE,FALSE,TRUE,FALSE,TRUE,FALSE,2,2,4,51,16,NA,I really enjoy staying on top of my health depending on the season
male,35-54,tertiary or higher,middle,region3,Urban,1 4 5,TRUE,FALSE,FALSE,TRUE,TRUE,5 6 8,FALSE,FALSE,FALSE,FALSE,TRUE,TRUE,FALSE,TRUE,1,4,2,68,29,NA,Personally I think spending time with family whenever possible
female,18-34,primary,high,region1,Rural,1,TRUE,FALSE,FALSE,FALSE,FALSE,3 5 6,FALSE,FALSE,TRUE,FALSE,TRUE,TRUE,FALSE,FALSE,3,4,1,79,46,Neutral,I would say spending time with family depending on the season
female,18-34,secondary,middle,region2,Rural,1 2 4,TRUE,TRUE,FALSE,TRUE,FALSE,4 6,FALSE,FALSE,FALSE,TRUE,FALSE,TRUE,FALSE,FALSE,5,3,1,106,41,Dissatisfied,I would say keeping active outdoors though it can be difficult
female,35-54,secondary,high,region1,Rural,1 2 3,TRUE,TRUE,TRUE,FALSE,FALSE,3 6 8,FALSE,FALSE,TRUE,FALSE,FALSE,TRUE,FALSE,TRUE,2,5,3,87,12,Neutral,I really enjoy staying on top of my health when time allows
male,35-54,tertiary or higher,middle,region3,Urban,4 5,FALSE,FALSE,FALSE,TRUE,TRUE,1 4 5,TRUE,FALSE,FALSE,TRUE,TRUE,FALSE,FALSE,FALSE,3,3,1,97,16,Strongly dissatisfied,I really enjoy reading in my spare time even if it takes effort
female,35-54,tertiary or higher,low,region3,Urban,1 2 3,TRUE,TRUE,TRUE,FALSE,FALSE,3 4 7,FALSE,FALSE,TRUE,TRUE,FALSE,FALSE,TRUE,FALSE,4,4,1,86,26,Neutral,Most of the time I cooking at home when time allows
female,18-34,secondary,low,region1,Rural,1 3,TRUE,FALSE,TRUE,FALSE,FALSE,3 5 6,FALSE,FALSE,TRUE,FALSE,TRUE,TRUE,FALSE,FALSE,3,3,3,86,46,Strongly dissatisfied,In my experience spending time with family when time allows
female,35-54,primary,high,region1,Rural,1 3 4,TRUE,FALSE,TRUE,TRUE,FALSE,1 3 6,TRUE,FALSE,TRUE,FALSE,FALSE,TRUE,FALSE,FALSE,4,5,4,41,37,Dissatisfied,I often find myself travelling when I can and find it rewarding
male,35-54,secondary,high,region3,Urban,3 5,FALSE,FALSE,TRUE,FALSE,TRUE,4 7 8,FALSE,FALSE,FALSE,TRUE,FALSE,FALSE,TRUE,TRUE,4,1,4,66,19,NA,I really enjoy travelling when I can even if it takes effort
female,18-34,secondary,middle,region3,Urban,1 2 3,TRUE,TRUE,TRUE,FALSE,FALSE,2 3 7,FALSE,TRUE,TRUE,FALSE,FALSE,FALSE,TRUE,FALSE,4,5,5,96,34,NA,Most of the time I spending time with family even if it takes effort
female,35-54,tertiary or higher,high,region3,Urban,1 3,TRUE,FALSE,TRUE,FALSE,FALSE,3 4 6,FALSE,FALSE,TRUE,TRUE,FALSE,TRUE,FALSE,FALSE,3,4,5,56,30,Strongly dissatisfied,Personally I think meeting up with friends on a regular basis
female,18-34,tertiary or higher,low,region2,Rural,1,TRUE,FALSE,FALSE,FALSE,FALSE,3 4 6,FALSE,FALSE,TRUE,TRUE,FALSE,TRUE,FALSE,FALSE,5,4,5,103,43,NA,I often find myself cooking at home and find it rewarding
male,18-34,tertiary or higher,low,region2,Rural,4 5,FALSE,FALSE,FALSE,TRUE,TRUE,1 4 5,TRUE,FALSE,FALSE,TRUE,TRUE,FALSE,FALSE,FALSE,2,4,1,116,34,Neutral,I really enjoy spending time with family when time allows
female,35-54,secondary,middle,region1,Rural,1 3 4,TRUE,FALSE,TRUE,TRUE,FALSE,4 6,FALSE,FALSE,FALSE,TRUE,FALSE,TRUE,FALSE,FALSE,3,5,5,64,22,NA,Personally I think keeping active outdoors depending on the season
female,35-54,primary,middle,region3,Urban,1 3 4,TRUE,FALSE,TRUE,TRUE,FALSE,2 3 7,FALSE,TRUE,TRUE,FALSE,FALSE,FALSE,TRUE,FALSE,1,4,1,69,41,Dissatisfied,I really enjoy reading in my spare time when time allows
female,18-34,primary,middle,region1,Rural,2 3 4,FALSE,TRUE,TRUE,TRUE,FALSE,3 4 7,FALSE,FALSE,TRUE,TRUE,FALSE,FALSE,TRUE,FALSE,3,4,1,107,40,Strongly dissatisfied,Most of the time I managing my schedule more than I used to
male,35-54,secondary,low,region1,Rural,4 5,FALSE,FALSE,FALSE,TRUE,TRUE,1 3 4,TRUE,FALSE,TRUE,TRUE,FALSE,FALSE,FALSE,FALSE,5,3,1,61,28,Strongly dissatisfied,I would say cooking at home even if it takes effort
female,18-34,tertiary or higher,low,region3,Urban,1 3 4,TRUE,FALSE,TRUE,TRUE,FALSE,3 4 6,FALSE,FALSE,TRUE,TRUE,FALSE,TRUE,FALSE,FALSE,4,5,2,68,39,Strongly dissatisfied,I often find myself managing my schedule on a regular basis
male,18-34,primary,high,region3,Urban,2 5,FALSE,TRUE,FALSE,FALSE,TRUE,1 5 6,TRUE,FALSE,FALSE,FALSE,TRUE,TRUE,FALSE,FALSE,2,1,3,106,43,Dissatisfied,I would say staying on top of my health and find it rewarding
male,35-54,tertiary or higher,low,region3,Urban,4 5,FALSE,FALSE,FALSE,TRUE,TRUE,1 4 5,TRUE,FALSE,FALSE,TRUE,TRUE,FALSE,FALSE,FALSE,3,3,5,61,18,NA,In my experience meeting up with friends when time allows
female,18-34,tertiary or higher,high,region3,Urban,1 3 5,TRUE,FALSE,TRUE,FALSE,TRUE,4 6 8,FALSE,FALSE,FALSE,TRUE,FALSE,TRUE,FALSE,TRUE,5,5,3,94,45,Strongly dissatisfied,I often find myself cooking at home more than I used to
male,18-34,secondary,high,region2,Rural,1 5,TRUE,FALSE,FALSE,FALSE,TRUE,1 5 7,TRUE,FALSE,FALSE,FALSE,TRUE,FALSE,TRUE,FALSE,2,2,1,110,38,NA,I would say keeping active outdoors on a regular basis
female,18-34,secondary,high,region1,Rural,2 3 4,FALSE,TRUE,TRUE,TRUE,FALSE,2 6 7,FALSE,TRUE,FALSE,FALSE,FALSE,TRUE,TRUE,FALSE,3,5,5,119,32,Dissatisfied,I would say meeting up with friends when time allows
female,35-54,secondary,high,region1,Rural,1 4,TRUE,FALSE,FALSE,TRUE,FALSE,6 7,FALSE,FALSE,FALSE,FALSE,FALSE,TRUE,TRUE,FALSE,3,4,4,103,10,NA,In my experience keeping active outdoors when time allows
male,18-34,secondary,high,region1,Rural,1 5,TRUE,FALSE,FALSE,FALSE,TRUE,4 5 7,FALSE,FALSE,FALSE,TRUE,TRUE,FALSE,TRUE,FALSE,1,2,1,85,44,NA,I would say managing my schedule depending on the season
female,35-54,secondary,middle,region3,Urban,1 3 4,TRUE,FALSE,TRUE,TRUE,FALSE,3 6 8,FALSE,FALSE,TRUE,FALSE,FALSE,TRUE,FALSE,TRUE,1,5,5,49,20,Neutral,I would say managing my schedule depending on the season
male,35-54,secondary,high,region3,Urban,2 4 5,FALSE,TRUE,FALSE,TRUE,TRUE,4 5 7,FALSE,FALSE,FALSE,TRUE,TRUE,FALSE,TRUE,FALSE,1,3,2,64,36,Neutral,I often find myself meeting up with friends whenever possible
male,18-34,secondary,high,region2,Rural,5,FALSE,FALSE,FALSE,FALSE,TRUE,5 7 8,FALSE,FALSE,FALSE,FALSE,TRUE,FALSE,TRUE,TRUE,1,3,5,89,36,Dissatisfied,I often find myself reading in my spare time more than I used to
female,18-34,secondary,high,region2,Rural,2 3,FALSE,TRUE,TRUE,FALSE,FALSE,5 7 8,FALSE,FALSE,FALSE,FALSE,TRUE,FALSE,TRUE,TRUE,5,5,3,78,39,Strongly dissatisfied,In my experience cooking at home depending on the season
female,35-54,tertiary or higher,high,region1,Rural,1 2 3,TRUE,TRUE,TRUE,FALSE,FALSE,3 7 8,FALSE,FALSE,TRUE,FALSE,FALSE,FALSE,TRUE,TRUE,5,4,2,81,32,Strongly dissatisfied,Personally I think cooking at home and would recommend it
male,18-34,secondary,low,region3,Urban,5,FALSE,FALSE,FALSE,FALSE,TRUE,2 4 7,FALSE,TRUE,FALSE,TRUE,FALSE,FALSE,TRUE,FALSE,1,3,2,96,41,NA,I often find myself keeping active outdoors more than I used to
male,18-34,secondary,middle,region3,Urban,4,FALSE,FALSE,FALSE,TRUE,FALSE,1 5 7,TRUE,FALSE,FALSE,FALSE,TRUE,FALSE,TRUE,FALSE,5,3,1,78,44,NA,I often find myself keeping active outdoors more than I used to
female,18-34,secondary,low,region3,Urban,1 3 4,TRUE,FALSE,TRUE,TRUE,FALSE,2 5 6,FALSE,TRUE,FALSE,FALSE,TRUE,TRUE,FALSE,FALSE,1,4,1,87,42,Neutral,Personally I think keeping active outdoors even if it takes effort
male,35-54,secondary,middle,region3,Urban,3 5,FALSE,FALSE,TRUE,FALSE,TRUE,5 7 8,FALSE,FALSE,FALSE,FALSE,TRUE,FALSE,TRUE,TRUE,3,2,4,84,31,NA,I would say keeping active outdoors and find it rewarding
male,18-34,secondary,middle,region3,Urban,3 4 5,FALSE,FALSE,TRUE,TRUE,TRUE,1 7 8,TRUE,FALSE,FALSE,FALSE,FALSE,FALSE,TRUE,TRUE,3,5,3,73,38,NA,I often find myself staying on top of my health when time allows
male,18-34,secondary,middle,region3,Urban,1,TRUE,FALSE,FALSE,FALSE,FALSE,1 4 7,TRUE,FALSE,FALSE,TRUE,FALSE,FALSE,TRUE,FALSE,1,2,3,74,43,NA,In my experience reading in my spare time though it can be difficult
male,35-54,secondary,middle,region3,Urban,5,FALSE,FALSE,FALSE,FALSE,TRUE,1 3 6,TRUE,FALSE,TRUE,FALSE,FALSE,TRUE,FALSE,FALSE,2,3,4,27,15,Dissatisfied,Most of the time I meeting up with friends though it can be difficult
male,18-34,secondary,high,region1,Rural,1 4 5,TRUE,FALSE,FALSE,TRUE,TRUE,3 4 5,FALSE,FALSE,TRUE,TRUE,TRUE,FALSE,FALSE,FALSE,2,5,1,86,37,Strongly dissatisfied,I would say managing my schedule and would recommend it
female,18-34,secondary,low,region1,Rural,3 4,FALSE,FALSE,TRUE,TRUE,FALSE,3 6 8,FALSE,FALSE,TRUE,FALSE,FALSE,TRUE,FALSE,TRUE,4,3,3,100,33,Strongly dissatisfied,In my experience spending time with family depending on the season
female,18-34,secondary,high,region1,Rural,1 3,TRUE,FALSE,TRUE,FALSE,FALSE,3 4 6,FALSE,FALSE,TRUE,TRUE,FALSE,TRUE,FALSE,FALSE,5,4,3,65,41,Dissatisfied,I often find myself travelling when I can whenever possible
female,18-34,tertiary or higher,high,region1,Rural,1 3 5,TRUE,FALSE,TRUE,FALSE,TRUE,2 3 4,FALSE,TRUE,TRUE,TRUE,FALSE,FALSE,FALSE,FALSE,5,5,4,84,43,Strongly dissatisfied,In my experience managing my schedule and would recommend it
female,18-34,tertiary or higher,middle,region3,Urban,1 2 3,TRUE,TRUE,TRUE,FALSE,FALSE,1 6 8,TRUE,FALSE,FALSE,FALSE,FALSE,TRUE,FALSE,TRUE,5,5,3,83,38,Dissatisfied,I often find myself reading in my spare time on a regular basis
male,18-34,tertiary or higher,middle,region3,Urban,2 5,FALSE,TRUE,FALSE,FALSE,TRUE,1 4 5,TRUE,FALSE,FALSE,TRUE,TRUE,FALSE,FALSE,FALSE,2,1,5,109,48,Neutral,I often find myself learning new things though it can be difficult
female,18-34,tertiary or higher,middle,region1,Rural,1 3 5,TRUE,FALSE,TRUE,FALSE,TRUE,3 6 8,FALSE,FALSE,TRUE,FALSE,FALSE,TRUE,FALSE,TRUE,3,3,4,75,30,Strongly dissatisfied,Personally I think cooking at home whenever possible
male,55+,tertiary or higher,high,region1,Rural,1 2 5,TRUE,TRUE,FALSE,FALSE,TRUE,2 4 8,FALSE,TRUE,FALSE,TRUE,FALSE,FALSE,FALSE,TRUE,5,1,2,40,7,NA,Most of the time I travelling when I can whenever possible
male,18-34,primary,high,region1,Rural,2 4 5,FALSE,TRUE,FALSE,TRUE,TRUE,2 4 5,FALSE,TRUE,FALSE,TRUE,TRUE,FALSE,FALSE,FALSE,1,1,3,101,48,Strongly dissatisfied,I often find myself cooking at home and would recommend it
female,35-54,tertiary or higher,middle,region3,Urban,1 3 5,TRUE,FALSE,TRUE,FALSE,TRUE,1 3 8,TRUE,FALSE,TRUE,FALSE,FALSE,FALSE,FALSE,TRUE,3,5,5,41,24,Dissatisfied,In my experience managing my schedule though it can be difficult
female,18-34,secondary,high,region1,Rural,1 2 4,TRUE,TRUE,FALSE,TRUE,FALSE,2 4 8,FALSE,TRUE,FALSE,TRUE,FALSE,FALSE,FALSE,TRUE,4,2,3,92,38,Neutral,I often find myself reading in my spare time and would recommend it
female,18-34,tertiary or higher,low,region1,Rural,1 3 4,TRUE,FALSE,TRUE,TRUE,FALSE,4 6 8,FALSE,FALSE,FALSE,TRUE,FALSE,TRUE,FALSE,TRUE,5,3,1,87,43,Dissatisfied,I often find myself staying on top of my health though it can be difficult
male,35-54,tertiary or higher,middle,region2,Rural,5,FALSE,FALSE,FALSE,FALSE,TRUE,1 5 8,TRUE,FALSE,FALSE,FALSE,TRUE,FALSE,FALSE,TRUE,2,2,3,54,35,Strongly dissatisfied,In my experience reading in my spare time when time allows
male,18-34,primary,low,region1,Rural,2 5,FALSE,TRUE,FALSE,FALSE,TRUE,1 4 5,TRUE,FALSE,FALSE,TRUE,TRUE,FALSE,FALSE,FALSE,3,5,1,105,49,Neutral,In my experience staying on top of my health and find it rewarding
female,18-34,secondary,middle,region2,Rural,3 4,FALSE,FALSE,TRUE,TRUE,FALSE,1 2 6,TRUE,TRUE,FALSE,FALSE,FALSE,TRUE,FALSE,FALSE,5,4,5,79,26,Neutral,In my experience reading in my spare time more than I used to
female,35-54,secondary,high,region3,Urban,1 3 4,TRUE,FALSE,TRUE,TRUE,FALSE,3 6 8,FALSE,FALSE,TRUE,FALSE,FALSE,TRUE,FALSE,TRUE,5,4,4,66,21,NA,Most of the time I reading in my spare time even if it takes effort
female,18-34,tertiary or higher,low,region1,Rural,1 3,TRUE,FALSE,TRUE,FALSE,FALSE,3 6 8,FALSE,FALSE,TRUE,FALSE,FALSE,TRUE,FALSE,TRUE,2,4,5,99,37,Strongly dissatisfied,I often find myself meeting up with friends even if it takes effort
male,18-34,secondary,low,region3,Urban,2 4,FALSE,TRUE,FALSE,TRUE,FALSE,1 4 7,TRUE,FALSE,FALSE,TRUE,FALSE,FALSE,TRUE,FALSE,1,3,5,76,46,Neutral,I would say reading in my spare time whenever possible
male,18-34,tertiary or higher,middle,region3,Urban,2 4 5,FALSE,TRUE,FALSE,TRUE,TRUE,8,FALSE,FALSE,FALSE,FALSE,FALSE,FALSE,FALSE,TRUE,5,2,4,66,38,Strongly dissatisfied,I would say spending time with family more than I used to
female,35-54,tertiary or higher,middle,region3,Urban,1 3,TRUE,FALSE,TRUE,FALSE,FALSE,2 4 6,FALSE,TRUE,FALSE,TRUE,FALSE,TRUE,FALSE,FALSE,3,5,5,99,24,NA,I would say spending time with family whenever possible
male,18-34,tertiary or higher,high,region2,Rural,4 5,FALSE,FALSE,FALSE,TRUE,TRUE,2 6 7,FALSE,TRUE,FALSE,FALSE,FALSE,TRUE,TRUE,FALSE,1,4,2,92,33,Neutral,I would say cooking at home though it can be difficult
female,35-54,tertiary or higher,low,region2,Rural,2 4 5,FALSE,TRUE,FALSE,TRUE,TRUE,3 6 8,FALSE,FALSE,TRUE,FALSE,FALSE,TRUE,FALSE,TRUE,4,3,3,61,38,NA,Personally I think cooking at home more than I used to
female,18-34,tertiary or higher,low,region3,Urban,1 4,TRUE,FALSE,FALSE,TRUE,FALSE,2 3 4,FALSE,TRUE,TRUE,TRUE,FALSE,FALSE,FALSE,FALSE,5,5,2,95,35,NA,I often find myself cooking at home as much as I can
male,35-54,secondary,high,region3,Urban,4 5,FALSE,FALSE,FALSE,TRUE,TRUE,2 6 8,FALSE,TRUE,FALSE,FALSE,FALSE,TRUE,FALSE,TRUE,1,2,2,65,13,NA,I would say meeting up with friends even if it takes effort
female,18-34,secondary,middle,region3,Urban,1 3 4,TRUE,FALSE,TRUE,TRUE,FALSE,3 7,FALSE,FALSE,TRUE,FALSE,FALSE,FALSE,TRUE,FALSE,1,5,4,52,41,Dissatisfied,I often find myself keeping active outdoors and find it rewarding
male,18-34,secondary,middle,region2,Rural,2 4 5,FALSE,TRUE,FALSE,TRUE,TRUE,5,FALSE,FALSE,FALSE,FALSE,TRUE,FALSE,FALSE,FALSE,1,3,1,78,30,NA,In my experience managing my schedule as much as I can
female,35-54,tertiary or higher,high,region1,Rural,1 3 4,TRUE,FALSE,TRUE,TRUE,FALSE,1 6 8,TRUE,FALSE,FALSE,FALSE,FALSE,TRUE,FALSE,TRUE,4,5,4,51,31,Strongly dissatisfied,Most of the time I travelling when I can more than I used to
male,18-34,tertiary or higher,low,region2,Rural,1 2 5,TRUE,TRUE,FALSE,FALSE,TRUE,1 5 6,TRUE,FALSE,FALSE,FALSE,TRUE,TRUE,FALSE,FALSE,2,2,2,103,40,NA,I would say cooking at home and would recommend it
female,35-54,primary,middle,region1,Rural,1,TRUE,FALSE,FALSE,FALSE,FALSE,4 6 8,FALSE,FALSE,FALSE,TRUE,FALSE,TRUE,FALSE,TRUE,3,5,1,65,32,Dissatisfied,Most of the time I learning new things though it can be difficult
male,18-34,tertiary or higher,middle,region1,Rural,2,FALSE,TRUE,FALSE,FALSE,FALSE,2 5 8,FALSE,TRUE,FALSE,FALSE,TRUE,FALSE,FALSE,TRUE,2,3,4,95,34,NA,I often find myself staying on top of my health though it can be difficult
male,35-54,secondary,middle,region3,Urban,2 5,FALSE,TRUE,FALSE,FALSE,TRUE,1 4 7,TRUE,FALSE,FALSE,TRUE,FALSE,FALSE,TRUE,FALSE,2,4,3,53,13,Strongly dissatisfied,In my experience cooking at home even if it takes effort
male,18-34,tertiary or higher,low,region3,Urban,2,FALSE,TRUE,FALSE,FALSE,FALSE,1 5 8,TRUE,FALSE,FALSE,FALSE,TRUE,FALSE,FALSE,TRUE,5,3,3,104,47,Strongly dissatisfied,I often find myself meeting up with friends depending on the season
female,18-34,tertiary or higher,middle,region3,Urban,1 2 3,TRUE,TRUE,TRUE,FALSE,FALSE,2 3 6,FALSE,TRUE,TRUE,FALSE,FALSE,TRUE,FALSE,FALSE,1,5,3,91,39,Strongly dissatisfied,Most of the time I cooking at home though it can be difficult
female,18-34,tertiary or higher,low,region1,Rural,1 3 4,TRUE,FALSE,TRUE,TRUE,FALSE,4 6,FALSE,FALSE,FALSE,TRUE,FALSE,TRUE,FALSE,FALSE,4,4,5,101,33,Strongly dissatisfied,I really enjoy keeping active outdoors and find it rewarding
female,18-34,tertiary or higher,low,region1,Rural,1 3,TRUE,FALSE,TRUE,FALSE,FALSE,2 4 7,FALSE,TRUE,FALSE,TRUE,FALSE,FALSE,TRUE,FALSE,5,5,1,113,45,Neutral,Most of the time I reading in my spare time as much as I can
male,35-54,secondary,middle,region3,Urban,1 2 4,TRUE,TRUE,FALSE,TRUE,FALSE,1 7,TRUE,FALSE,FALSE,FALSE,FALSE,FALSE,TRUE,FALSE,1,4,2,59,39,NA,Most of the time I travelling when I can depending on the season
female,18-34,secondary,high,region1,Rural,1 3 5,TRUE,FALSE,TRUE,FALSE,TRUE,5 6 8,FALSE,FALSE,FALSE,FALSE,TRUE,TRUE,FALSE,TRUE,5,4,1,114,41,Dissatisfied,Personally I think travelling when I can on a regular basis
male,18-34,primary,middle,region3,Urban,2 4 5,FALSE,TRUE,FALSE,TRUE,TRUE,5 7 8,FALSE,FALSE,FALSE,FALSE,TRUE,FALSE,TRUE,TRUE,1,2,2,98,45,NA,Personally I think keeping active outdoors and find it rewarding
female,18-34,tertiary or higher,low,region3,Urban,1 3 4,TRUE,FALSE,TRUE,TRUE,FALSE,1 3 7,TRUE,FALSE,TRUE,FALSE,FALSE,FALSE,TRUE,FALSE,4,3,3,83,36,Strongly dissatisfied,Most of the time I travelling when I can depending on the season
male,18-34,tertiary or higher,low,region1,Rural,1 5,TRUE,FALSE,FALSE,FALSE,TRUE,2 4 5,FALSE,TRUE,FALSE,TRUE,TRUE,FALSE,FALSE,FALSE,3,4,2,67,37,Strongly dissatisfied,I would say spending time with family though it can be difficult
female,18-34,tertiary or higher,low,region3,Urban,1 3 5,TRUE,FALSE,TRUE,FALSE,TRUE,3 4 5,FALSE,FALSE,TRUE,TRUE,TRUE,FALSE,FALSE,FALSE,5,5,3,81,37,Strongly dissatisfied,I would say keeping active outdoors though it can be difficult
female,18-34,secondary,low,region1,Rural,1 3 4,TRUE,FALSE,TRUE,TRUE,FALSE,3 6 7,FALSE,FALSE,TRUE,FALSE,FALSE,TRUE,TRUE,FALSE,4,4,4,115,47,Strongly dissatisfied,Personally I think learning new things on a regular basis
female,18-34,secondary,high,region3,Urban,1 2 4,TRUE,TRUE,FALSE,TRUE,FALSE,3 4 7,FALSE,FALSE,TRUE,TRUE,FALSE,FALSE,TRUE,FALSE,4,4,2,94,33,Strongly dissatisfied,Most of the time I cooking at home and would recommend it
female,18-34,secondary,low,region1,Rural,1 2 3,TRUE,TRUE,TRUE,FALSE,FALSE,1 3 8,TRUE,FALSE,TRUE,FALSE,FALSE,FALSE,FALSE,TRUE,3,5,4,77,34,Dissatisfied,I really enjoy keeping active outdoors and would recommend it
male,35-54,tertiary or higher,low,region3,Urban,5,FALSE,FALSE,FALSE,FALSE,TRUE,1 2 5,TRUE,TRUE,FALSE,FALSE,TRUE,FALSE,FALSE,FALSE,3,4,4,56,36,Neutral,Personally I think keeping active outdoors though it can be difficult
female,18-34,tertiary or higher,middle,region3,Urban,1 3 5,TRUE,FALSE,TRUE,FALSE,TRUE,3 6 7,FALSE,FALSE,TRUE,FALSE,FALSE,TRUE,TRUE,FALSE,3,1,5,88,30,Neutral,I really enjoy reading in my spare time whenever possible
male,18-34,tertiary or higher,middle,region1,Rural,4 5,FALSE,FALSE,FALSE,TRUE,TRUE,2 4 7,FALSE,TRUE,FALSE,TRUE,FALSE,FALSE,TRUE,FALSE,1,3,2,100,33,NA,In my experience keeping active outdoors when time allows
female,35-54,tertiary or higher,middle,region1,Rural,1 2 3,TRUE,TRUE,TRUE,FALSE,FALSE,3 6 8,FALSE,FALSE,TRUE,FALSE,FALSE,TRUE,FALSE,TRUE,1,4,4,51,25,NA,Personally I think staying on top of my health more than I used to
female,18-34,secondary,middle,region2,Rural,3 4,FALSE,FALSE,TRUE,TRUE,FALSE,3 6 7,FALSE,FALSE,TRUE,FALSE,FALSE,TRUE,TRUE,FALSE,4,4,2,85,34,Neutral,I really enjoy reading in my spare time and would recommend it
female,18-34,tertiary or higher,low,region3,Urban,1 3 5,TRUE,FALSE,TRUE,FALSE,TRUE,3 6 7,FALSE,FALSE,TRUE,FALSE,FALSE,TRUE,TRUE,FALSE,3,4,3,41,44,Strongly dissatisfied,I often find myself managing my schedule on a regular basis
male,55+,primary,high,region2,Rural,2 4 5,FALSE,TRUE,FALSE,TRUE,TRUE,4 7 8,FALSE,FALSE,FALSE,TRUE,FALSE,FALSE,TRUE,TRUE,3,2,3,19,14,NA,I often find myself managing my schedule as much as I can
female,35-54,secondary,low,region3,Urban,1 3,TRUE,FALSE,TRUE,FALSE,FALSE,2 3 6,FALSE,TRUE,TRUE,FALSE,FALSE,TRUE,FALSE,FALSE,1,4,4,55,32,Strongly dissatisfied,I often find myself meeting up with friends and find it rewarding
female,18-34,secondary,low,region1,Rural,1 3 5,TRUE,FALSE,TRUE,FALSE,TRUE,6,FALSE,FALSE,FALSE,FALSE,FALSE,TRUE,FALSE,FALSE,5,2,3,110,42,Neutral,I really enjoy reading in my spare time and find it rewarding
female,55+,secondary,middle,region2,Rural,1 3 4,TRUE,FALSE,TRUE,TRUE,FALSE,3 5 8,FALSE,FALSE,TRUE,FALSE,TRUE,FALSE,FALSE,TRUE,5,5,3,69,6,Neutral,In my experience staying on top of my health and find it rewarding
female,18-34,primary,low,region3,Urban,1,TRUE,FALSE,FALSE,FALSE,FALSE,4 6,FALSE,FALSE,FALSE,TRUE,FALSE,TRUE,FALSE,FALSE,2,5,1,100,47,NA,Personally I think managing my schedule as much as I can
male,18-34,primary,middle,region3,Urban,1,TRUE,FALSE,FALSE,FALSE,FALSE,5 7 8,FALSE,FALSE,FALSE,FALSE,TRUE,FALSE,TRUE,TRUE,3,1,4,78,12,NA,In my experience cooking at home even if it takes effort
male,35-54,secondary,high,region1,Rural,4,FALSE,FALSE,FALSE,TRUE,FALSE,1 2 8,TRUE,TRUE,FALSE,FALSE,FALSE,FALSE,FALSE,TRUE,1,2,3,46,39,Neutral,In my experience learning new things depending on the season
female,35-54,secondary,low,region2,Rural,1 3 5,TRUE,FALSE,TRUE,FALSE,TRUE,3 5 7,FALSE,FALSE,TRUE,FALSE,TRUE,FALSE,TRUE,FALSE,4,4,4,47,17,NA,In my experience learning new things on a regular basis
female,18-34,secondary,low,region1,Rural,1 4,TRUE,FALSE,FALSE,TRUE,FALSE,4 6 8,FALSE,FALSE,FALSE,TRUE,FALSE,TRUE,FALSE,TRUE,5,2,1,114,46,Dissatisfied,I would say learning new things even if it takes effort
female,55+,tertiary or higher,high,region1,Rural,1 2 4,TRUE,TRUE,FALSE,TRUE,FALSE,1 6 7,TRUE,FALSE,FALSE,FALSE,FALSE,TRUE,TRUE,FALSE,4,3,3,11,2,NA,Most of the time I spending time with family and find it rewarding
female,55+,primary,middle,region3,Urban,1 3,TRUE,FALSE,TRUE,FALSE,FALSE,3 5 6,FALSE,FALSE,TRUE,FALSE,TRUE,TRUE,FALSE,FALSE,3,3,4,8,16,Strongly dissatisfied,I would say keeping active outdoors though it can be difficult
male,35-54,tertiary or higher,middle,region3,Urban,5,FALSE,FALSE,FALSE,FALSE,TRUE,1 4 5,TRUE,FALSE,FALSE,TRUE,TRUE,FALSE,FALSE,FALSE,1,2,5,39,16,Dissatisfied,In my experience spending time with family as much as I can
female,18-34,secondary,middle,region1,Rural,1 4 5,TRUE,FALSE,FALSE,TRUE,TRUE,2 3,FALSE,TRUE,TRUE,FALSE,FALSE,FALSE,FALSE,FALSE,1,4,2,101,35,Strongly dissatisfied,I often find myself reading in my spare time as much as I can
female,35-54,tertiary or higher,middle,region2,Rural,1 2 3,TRUE,TRUE,TRUE,FALSE,FALSE,2 4 6,FALSE,TRUE,FALSE,TRUE,FALSE,TRUE,FALSE,FALSE,2,5,1,79,27,Strongly dissatisfied,Most of the time I spending time with family as much as I can
female,18-34,primary,high,region3,Urban,1 3 4,TRUE,FALSE,TRUE,TRUE,FALSE,1 5 6,TRUE,FALSE,FALSE,FALSE,TRUE,TRUE,FALSE,FALSE,4,3,2,103,42,Strongly dissatisfied,I often find myself learning new things whenever possible
female,55+,tertiary or higher,low,region3,Urban,1 3 4,TRUE,FALSE,TRUE,TRUE,FALSE,3 6 8,FALSE,FALSE,TRUE,FALSE,FALSE,TRUE,FALSE,TRUE,4,5,5,34,25,Dissatisfied,Personally I think staying on top of my health even if it takes effort
female,18-34,secondary,low,region2,Rural,1 3 4,TRUE,FALSE,TRUE,TRUE,FALSE,3 5 6,FALSE,FALSE,TRUE,FALSE,TRUE,TRUE,FALSE,FALSE,1,3,5,104,40,Strongly dissatisfied,I often find myself keeping active outdoors and find it rewarding
male,18-34,secondary,high,region2,Rural,4 5,FALSE,FALSE,FALSE,TRUE,TRUE,1 5,TRUE,FALSE,FALSE,FALSE,TRUE,FALSE,FALSE,FALSE,2,3,5,86,46,Strongly dissatisfied,Most of the time I meeting up with friends whenever possible
female,35-54,secondary,low,region3,Urban,1 3 5,TRUE,FALSE,TRUE,FALSE,TRUE,3 6 7,FALSE,FALSE,TRUE,FALSE,FALSE,TRUE,TRUE,FALSE,4,5,2,77,21,Dissatisfied,I often find myself meeting up with friends and would recommend it
female,18-34,tertiary or higher,middle,region1,Rural,4 5,FALSE,FALSE,FALSE,TRUE,TRUE,3 6 7,FALSE,FALSE,TRUE,FALSE,FALSE,TRUE,TRUE,FALSE,4,5,2,84,42,Strongly dissatisfied,In my experience staying on top of my health even if it takes effort
female,55+,secondary,low,region2,Rural,1 3 5,TRUE,FALSE,TRUE,FALSE,TRUE,3 5 6,FALSE,FALSE,TRUE,FALSE,TRUE,TRUE,FALSE,FALSE,5,3,3,75,7,NA,I would say travelling when I can depending on the season
female,35-54,secondary,middle,region1,Rural,1 3 4,TRUE,FALSE,TRUE,TRUE,FALSE,3 6 7,FALSE,FALSE,TRUE,FALSE,FALSE,TRUE,TRUE,FALSE,3,1,2,50,37,Neutral,I really enjoy staying on top of my health as much as I can
female,18-34,secondary,high,region2,Rural,1 3,TRUE,FALSE,TRUE,FALSE,FALSE,2 6 7,FALSE,TRUE,FALSE,FALSE,FALSE,TRUE,TRUE,FALSE,4,4,1,97,30,Neutral,I really enjoy cooking at home and would recommend it
male,35-54,secondary,middle,region3,Urban,4 5,FALSE,FALSE,FALSE,TRUE,TRUE,6 7 8,FALSE,FALSE,FALSE,FALSE,FALSE,TRUE,TRUE,TRUE,2,3,4,42,32,NA,Most of the time I managing my schedule and would recommend it
male,35-54,tertiary or higher,middle,region1,Rural,5,FALSE,FALSE,FALSE,FALSE,TRUE,1 5 8,TRUE,FALSE,FALSE,FALSE,TRUE,FALSE,FALSE,TRUE,2,3,4,38,40,NA,Most of the time I spending time with family and find it rewarding
female,35-54,secondary,low,region3,Urban,1 2 3,TRUE,TRUE,TRUE,FALSE,FALSE,3 6 7,FALSE,FALSE,TRUE,FALSE,FALSE,TRUE,TRUE,FALSE,3,5,1,42,21,Dissatisfied,I would say keeping active outdoors and find it rewarding
male,35-54,secondary,low,region2,Rural,5,FALSE,FALSE,FALSE,FALSE,TRUE,2 4,FALSE,TRUE,FALSE,TRUE,FALSE,FALSE,FALSE,FALSE,3,2,4,64,39,NA,I really enjoy spending time with family depending on the season
female,35-54,tertiary or higher,middle,region3,Urban,1 4 5,TRUE,FALSE,FALSE,TRUE,TRUE,6 8,FALSE,FALSE,FALSE,FALSE,FALSE,TRUE,FALSE,TRUE,5,4,5,16,14,Dissatisfied,I really enjoy meeting up with friends whenever possible
female,55+,secondary,low,region3,Urban,1 4 5,TRUE,FALSE,FALSE,TRUE,TRUE,2 3 6,FALSE,TRUE,TRUE,FALSE,FALSE,TRUE,FALSE,FALSE,1,3,2,32,15,Strongly dissatisfied,I would say managing my schedule depending on the season
female,35-54,tertiary or higher,middle,region3,Urban,1 3 4,TRUE,FALSE,TRUE,TRUE,FALSE,1 6 8,TRUE,FALSE,FALSE,FALSE,FALSE,TRUE,FALSE,TRUE,2,3,5,87,22,Neutral,I often find myself cooking at home as much as I can
male,35-54,tertiary or higher,high,region2,Rural,3 4 5,FALSE,FALSE,TRUE,TRUE,TRUE,2 4 7,FALSE,TRUE,FALSE,TRUE,FALSE,FALSE,TRUE,FALSE,2,2,4,41,15,NA,In my experience keeping active outdoors on a regular basis
male,18-34,tertiary or higher,low,region1,Rural,4 5,FALSE,FALSE,FALSE,TRUE,TRUE,1 4 8,TRUE,FALSE,FALSE,TRUE,FALSE,FALSE,FALSE,TRUE,1,1,5,111,43,Neutral,In my experience cooking at home as much as I can
female,18-34,tertiary or higher,low,region2,Rural,1 3 4,TRUE,FALSE,TRUE,TRUE,FALSE,6 7,FALSE,FALSE,FALSE,FALSE,FALSE,TRUE,TRUE,FALSE,5,5,2,76,41,Dissatisfied,I really enjoy meeting up with friends on a regular basis
female,55+,secondary,low,region3,Urban,1 2 3,TRUE,TRUE,TRUE,FALSE,FALSE,6 7 8,FALSE,FALSE,FALSE,FALSE,FALSE,TRUE,TRUE,TRUE,1,5,5,25,12,Neutral,I often find myself meeting up with friends even if it takes effort
female,18-34,tertiary or higher,low,region3,Urban,3 4 5,FALSE,FALSE,TRUE,TRUE,TRUE,3 4 6,FALSE,FALSE,TRUE,TRUE,FALSE,TRUE,FALSE,FALSE,4,2,1,99,30,Strongly dissatisfied,I really enjoy keeping active outdoors and would recommend it
male,18-34,secondary,middle,region3,Urban,1,TRUE,FALSE,FALSE,FALSE,FALSE,5 7 8,FALSE,FALSE,FALSE,FALSE,TRUE,FALSE,TRUE,TRUE,4,3,3,99,35,Neutral,I really enjoy travelling when I can and find it rewarding
male,18-34,secondary,low,region3,Urban,5,FALSE,FALSE,FALSE,FALSE,TRUE,1 4 5,TRUE,FALSE,FALSE,TRUE,TRUE,FALSE,FALSE,FALSE,1,3,2,76,34,Neutral,I really enjoy travelling when I can on a regular basis
female,18-34,tertiary or higher,middle,region3,Urban,1 4 5,TRUE,FALSE,FALSE,TRUE,TRUE,3 4 6,FALSE,FALSE,TRUE,TRUE,FALSE,TRUE,FALSE,FALSE,4,4,3,64,43,Strongly dissatisfied,Personally I think learning new things on a regular basis
female,35-54,secondary,low,region1,Rural,1 3 4,TRUE,FALSE,TRUE,TRUE,FALSE,2 7,FALSE,TRUE,FALSE,FALSE,FALSE,FALSE,TRUE,FALSE,3,3,4,55,26,Dissatisfied,I would say managing my schedule though it can be difficult
female,35-54,primary,middle,region1,Rural,1 2 3,TRUE,TRUE,TRUE,FALSE,FALSE,2 3 7,FALSE,TRUE,TRUE,FALSE,FALSE,FALSE,TRUE,FALSE,4,2,5,88,23,Dissatisfied,In my experience keeping active outdoors more than I used to
male,18-34,secondary,low,region3,Urban,4 5,FALSE,FALSE,FALSE,TRUE,TRUE,5 7,FALSE,FALSE,FALSE,FALSE,TRUE,FALSE,TRUE,FALSE,1,5,3,99,49,Dissatisfied,In my experience keeping active outdoors on a regular basis
male,18-34,secondary,middle,region3,Urban,4 5,FALSE,FALSE,FALSE,TRUE,TRUE,1 4 5,TRUE,FALSE,FALSE,TRUE,TRUE,FALSE,FALSE,FALSE,1,2,4,69,32,Neutral,In my experience learning new things when time allows
male,35-54,tertiary or higher,middle,region2,Rural,4 5,FALSE,FALSE,FALSE,TRUE,TRUE,3,FALSE,FALSE,TRUE,FALSE,FALSE,FALSE,FALSE,FALSE,3,2,3,72,31,Strongly dissatisfied,Personally I think managing my schedule whenever possible
female,35-54,primary,high,region2,Rural,1 3,TRUE,FALSE,TRUE,FALSE,FALSE,3 6,FALSE,FALSE,TRUE,FALSE,FALSE,TRUE,FALSE,FALSE,5,5,4,71,23,NA,Most of the time I learning new things and find it rewarding
female,18-34,tertiary or higher,middle,region1,Rural,1 3,TRUE,FALSE,TRUE,FALSE,FALSE,3 6 7,FALSE,FALSE,TRUE,FALSE,FALSE,TRUE,TRUE,FALSE,4,3,1,96,35,Strongly dissatisfied,Most of the time I reading in my spare time as much as I can
male,18-34,secondary,high,region1,Rural,5,FALSE,FALSE,FALSE,FALSE,TRUE,1 4 5,TRUE,FALSE,FALSE,TRUE,TRUE,FALSE,FALSE,FALSE,2,1,1,78,37,Dissatisfied,I really enjoy learning new things as much as I can
female,18-34,tertiary or higher,low,region1,Rural,2 4 5,FALSE,TRUE,FALSE,TRUE,TRUE,3 7 8,FALSE,FALSE,TRUE,FALSE,FALSE,FALSE,TRUE,TRUE,1,5,5,91,32,Strongly dissatisfied,I really enjoy spending time with family though it can be difficult
female,18-34,secondary,middle,region3,Urban,1 3 4,TRUE,FALSE,TRUE,TRUE,FALSE,2 4 6,FALSE,TRUE,FALSE,TRUE,FALSE,TRUE,FALSE,FALSE,5,4,2,98,29,Dissatisfied,In my experience staying on top of my health and would recommend it
male,35-54,secondary,low,region1,Rural,4 5,FALSE,FALSE,FALSE,TRUE,TRUE,5 7 8,FALSE,FALSE,FALSE,FALSE,TRUE,FALSE,TRUE,TRUE,2,4,1,58,11,NA,In my experience learning new things and would recommend it
female,18-34,tertiary or higher,low,region3,Urban,3 5,FALSE,FALSE,TRUE,FALSE,TRUE,6 7 8,FALSE,FALSE,FALSE,FALSE,FALSE,TRUE,TRUE,TRUE,3,1,5,95,21,Dissatisfied,I really enjoy learning new things and find it rewarding
female,18-34,secondary,middle,region1,Rural,1 3,TRUE,FALSE,TRUE,FALSE,FALSE,4 7 8,FALSE,FALSE,FALSE,TRUE,FALSE,FALSE,TRUE,TRUE,5,2,1,67,35,Strongly dissatisfied,I would say travelling when I can though it can be difficult
female,35-54,secondary,middle,region3,Urban,1 3 4,TRUE,FALSE,TRUE,TRUE,FALSE,2 3 6,FALSE,TRUE,TRUE,FALSE,FALSE,TRUE,FALSE,FALSE,4,4,1,75,16,Neutral,Personally I think meeting up with friends on a regular basis
male,18-34,tertiary or higher,low,region2,Rural,5,FALSE,FALSE,FALSE,FALSE,TRUE,1 4 5,TRUE,FALSE,FALSE,TRUE,TRUE,FALSE,FALSE,FALSE,4,2,4,113,47,Strongly dissatisfied,In my experience meeting up with friends even if it takes effort
female,18-34,tertiary or higher,high,region1,Rural,1 3 4,TRUE,FALSE,TRUE,TRUE,FALSE,4 5 6,FALSE,FALSE,FALSE,TRUE,TRUE,TRUE,FALSE,FALSE,3,5,1,84,39,Neutral,I would say managing my schedule depending on the season
female,35-54,tertiary or higher,low,region1,Rural,1 2 4,TRUE,TRUE,FALSE,TRUE,FALSE,3 4 7,FALSE,FALSE,TRUE,TRUE,FALSE,FALSE,TRUE,FALSE,5,4,4,90,19,Neutral,Most of the time I staying on top of my health and would recommend it
male,18-34,secondary,middle,region3,Urban,5,FALSE,FALSE,FALSE,FALSE,TRUE,1 4 5,TRUE,FALSE,FALSE,TRUE,TRUE,FALSE,FALSE,FALSE,1,1,5,105,38,Strongly dissatisfied,Most of the time I staying on top of my health depending on the season
male,35-54,secondary,high,region1,Rural,5,FALSE,FALSE,FALSE,FALSE,TRUE,1 5 8,TRUE,FALSE,FALSE,FALSE,TRUE,FALSE,FALSE,TRUE,1,3,2,36,37,NA,I really enjoy managing my schedule and would recommend it
female,35-54,secondary,low,region2,Rural,1 2 5,TRUE,TRUE,FALSE,FALSE,TRUE,3 6,FALSE,FALSE,TRUE,FALSE,FALSE,TRUE,FALSE,FALSE,4,4,3,68,19,Dissatisfied,I often find myself travelling when I can on a regular basis
female,18-34,secondary,low,region1,Rural,1 4,TRUE,FALSE,FALSE,TRUE,FALSE,3 4 6,FALSE,FALSE,TRUE,TRUE,FALSE,TRUE,FALSE,FALSE,5,4,2,83,18,Dissatisfied,Personally I think spending time with family more than I used to
male,55+,secondary,middle,region3,Urban,4 5,FALSE,FALSE,FALSE,TRUE,TRUE,1 2 5,TRUE,TRUE,FALSE,FALSE,TRUE,FALSE,FALSE,FALSE,1,5,1,12,12,NA,Personally I think staying on top of my health as much as I can
male,55+,tertiary or higher,low,region2,Rural,1 4 5,TRUE,FALSE,FALSE,TRUE,TRUE,5 7 8,FALSE,FALSE,FALSE,FALSE,TRUE,FALSE,TRUE,TRUE,3,1,1,34,10,NA,I often find myself keeping active outdoors on a regular basis
female,35-54,secondary,high,region1,Rural,1 3 5,TRUE,FALSE,TRUE,FALSE,TRUE,4 6 7,FALSE,FALSE,FALSE,TRUE,FALSE,TRUE,TRUE,FALSE,4,3,5,53,30,Dissatisfied,Most of the time I meeting up with friends depending on the season
male,18-34,secondary,low,region3,Urban,1 5,TRUE,FALSE,FALSE,FALSE,TRUE,5 7 8,FALSE,FALSE,FALSE,FALSE,TRUE,FALSE,TRUE,TRUE,3,3,1,112,41,NA,I often find myself spending time with family on a regular basis
female,35-54,tertiary or higher,low,region3,Urban,1 3 5,TRUE,FALSE,TRUE,FALSE,TRUE,2 4 7,FALSE,TRUE,FALSE,TRUE,FALSE,FALSE,TRUE,FALSE,4,5,3,90,22,Dissatisfied,Personally I think travelling when I can on a regular basis
male,18-34,tertiary or higher,high,region3,Urban,5,FALSE,FALSE,FALSE,FALSE,TRUE,1 4 7,TRUE,FALSE,FALSE,TRUE,FALSE,FALSE,TRUE,FALSE,4,3,5,106,42,Strongly dissatisfied,Most of the time I keeping active outdoors more than I used to
male,55+,tertiary or higher,middle,region2,Rural,3 4 5,FALSE,FALSE,TRUE,TRUE,TRUE,2 5 8,FALSE,TRUE,FALSE,FALSE,TRUE,FALSE,FALSE,TRUE,1,5,4,17,10,NA,I would say learning new things more than I used to
female,18-34,primary,low,region3,Urban,1 2 5,TRUE,TRUE,FALSE,FALSE,TRUE,2 3 4,FALSE,TRUE,TRUE,TRUE,FALSE,FALSE,FALSE,FALSE,5,3,1,100,41,Strongly dissatisfied,I really enjoy cooking at home on a regular basis
male,35-54,primary,low,region1,Rural,1 5,TRUE,FALSE,FALSE,FALSE,TRUE,1 5 8,TRUE,FALSE,FALSE,FALSE,TRUE,FALSE,FALSE,TRUE,2,2,1,40,33,NA,I would say managing my schedule and would recommend it
female,35-54,secondary,low,region3,Urban,1 2 4,TRUE,TRUE,FALSE,TRUE,FALSE,2 4,FALSE,TRUE,FALSE,TRUE,FALSE,FALSE,FALSE,FALSE,5,4,3,79,30,Dissatisfied,I often find myself managing my schedule as much as I can
male,18-34,secondary,high,region3,Urban,5,FALSE,FALSE,FALSE,FALSE,TRUE,4 5 6,FALSE,FALSE,FALSE,TRUE,TRUE,TRUE,FALSE,FALSE,2,1,5,93,20,NA,Most of the time I travelling when I can when time allows
female,18-34,secondary,low,region3,Urban,1 3,TRUE,FALSE,TRUE,FALSE,FALSE,3 6 7,FALSE,FALSE,TRUE,FALSE,FALSE,TRUE,TRUE,FALSE,5,5,3,72,45,Dissatisfied,Most of the time I travelling when I can though it can be difficult
female,18-34,secondary,middle,region3,Urban,1 2 4,TRUE,TRUE,FALSE,TRUE,FALSE,4 6 7,FALSE,FALSE,FALSE,TRUE,FALSE,TRUE,TRUE,FALSE,5,2,5,84,36,Neutral,In my experience managing my schedule more than I used to
female,18-34,tertiary or higher,high,region3,Urban,1 2 3,TRUE,TRUE,TRUE,FALSE,FALSE,2 6 7,FALSE,TRUE,FALSE,FALSE,FALSE,TRUE,TRUE,FALSE,4,5,5,72,38,Neutral,I would say reading in my spare time and would recommend it
male,35-54,secondary,low,region1,Rural,4 5,FALSE,FALSE,FALSE,TRUE,TRUE,1 2 8,TRUE,TRUE,FALSE,FALSE,FALSE,FALSE,FALSE,TRUE,1,5,3,48,10,NA,I really enjoy meeting up with friends and find it rewarding
female,35-54,primary,middle,region3,Urban,3 4,FALSE,FALSE,TRUE,TRUE,FALSE,3 6 7,FALSE,FALSE,TRUE,FALSE,FALSE,TRUE,TRUE,FALSE,5,1,1,78,6,Neutral,I really enjoy travelling when I can depending on the season
male,35-54,secondary,low,region3,Urban,5,FALSE,FALSE,FALSE,FALSE,TRUE,1 4 7,TRUE,FALSE,FALSE,TRUE,FALSE,FALSE,TRUE,FALSE,4,3,2,78,28,NA,I would say staying on top of my health though it can be difficult
female,18-34,secondary,low,region1,Rural,1 3 5,TRUE,FALSE,TRUE,FALSE,TRUE,3 4 7,FALSE,FALSE,TRUE,TRUE,FALSE,FALSE,TRUE,FALSE,4,2,3,86,47,Neutral,Personally I think travelling when I can on a regular basis
female,18-34,primary,high,region3,Urban,1 3 4,TRUE,FALSE,TRUE,TRUE,FALSE,6,FALSE,FALSE,FALSE,FALSE,FALSE,TRUE,FALSE,FALSE,2,4,5,104,47,Neutral,Personally I think cooking at home even if it takes effort
female,18-34,secondary,high,region3,Urban,1 3 4,TRUE,FALSE,TRUE,TRUE,FALSE,2 3 7,FALSE,TRUE,TRUE,FALSE,FALSE,FALSE,TRUE,FALSE,5,4,3,108,44,Strongly dissatisfied,In my experience learning new things as much as I can
male,55+,secondary,middle,region3,Urban,5,FALSE,FALSE,FALSE,FALSE,TRUE,1 6 8,TRUE,FALSE,FALSE,FALSE,FALSE,TRUE,FALSE,TRUE,1,3,2,24,13,Neutral,Personally I think spending time with family and find it rewarding
female,18-34,tertiary or higher,low,region3,Urban,,FALSE,FALSE,FALSE,FALSE,FALSE,3 4 8,FALSE,FALSE,TRUE,TRUE,FALSE,FALSE,FALSE,TRUE,4,4,2,99,41,Strongly dissatisfied,I really enjoy learning new things more than I used to
female,55+,secondary,middle,region1,Rural,1 3 4,TRUE,FALSE,TRUE,TRUE,FALSE,3 4 8,FALSE,FALSE,TRUE,TRUE,FALSE,FALSE,FALSE,TRUE,5,2,2,18,26,NA,I often find myself meeting up with friends and would recommend it
female,18-34,tertiary or higher,low,region2,Rural,1 4 5,TRUE,FALSE,FALSE,TRUE,TRUE,4 6 8,FALSE,FALSE,FALSE,TRUE,FALSE,TRUE,FALSE,TRUE,1,3,2,91,33,Strongly dissatisfied,I would say staying on top of my health when time allows
female,35-54,secondary,low,region3,Urban,1 2 5,TRUE,TRUE,FALSE,FALSE,TRUE,3 4 6,FALSE,FALSE,TRUE,TRUE,FALSE,TRUE,FALSE,FALSE,4,5,3,38,35,Dissatisfied,In my experience keeping active outdoors whenever possible
female,35-54,tertiary or higher,middle,region3,Urban,1 3 4,TRUE,FALSE,TRUE,TRUE,FALSE,4 6,FALSE,FALSE,FALSE,TRUE,FALSE,TRUE,FALSE,FALSE,5,3,4,66,10,Dissatisfied,Personally I think travelling when I can depending on the season
female,18-34,tertiary or higher,high,region2,Rural,1 3 4,TRUE,FALSE,TRUE,TRUE,FALSE,3 6 8,FALSE,FALSE,TRUE,FALSE,FALSE,TRUE,FALSE,TRUE,4,1,1,84,41,Neutral,I would say travelling when I can more than I used to
male,18-34,secondary,low,region1,Rural,5,FALSE,FALSE,FALSE,FALSE,TRUE,1 7 8,TRUE,FALSE,FALSE,FALSE,FALSE,FALSE,TRUE,TRUE,3,2,2,84,45,NA,Most of the time I keeping active outdoors and would recommend it
female,18-34,secondary,high,region1,Rural,1 3 5,TRUE,FALSE,TRUE,FALSE,TRUE,3 5 8,FALSE,FALSE,TRUE,FALSE,TRUE,FALSE,FALSE,TRUE,3,3,3,66,44,Neutral,I really enjoy reading in my spare time even if it takes effort
male,35-54,secondary,middle,region1,Rural,5,FALSE,FALSE,FALSE,FALSE,TRUE,4 5 8,FALSE,FALSE,FALSE,TRUE,TRUE,FALSE,FALSE,TRUE,1,3,3,79,28,NA,I often find myself spending time with family even if it takes effort
male,18-34,secondary,high,region3,Urban,,FALSE,FALSE,FALSE,FALSE,FALSE,4 5 8,FALSE,FALSE,FALSE,TRUE,TRUE,FALSE,FALSE,TRUE,4,1,5,92,41,Strongly dissatisfied,Most of the time I cooking at home and find it rewarding
female,35-54,tertiary or higher,low,region3,Urban,1 3 5,TRUE,FALSE,TRUE,FALSE,TRUE,3 8,FALSE,FALSE,TRUE,FALSE,FALSE,FALSE,FALSE,TRUE,5,3,4,59,43,Dissatisfied,I often find myself managing my schedule on a regular basis
male,18-34,tertiary or higher,high,region3,Urban,2 4 5,FALSE,TRUE,FALSE,TRUE,TRUE,1 4 6,TRUE,FALSE,FALSE,TRUE,FALSE,TRUE,FALSE,FALSE,2,2,1,102,38,NA,Most of the time I cooking at home though it can be difficult
female,35-54,secondary,middle,region3,Urban,1 2 3,TRUE,TRUE,TRUE,FALSE,FALSE,1 3 7,TRUE,FALSE,TRUE,FALSE,FALSE,FALSE,TRUE,FALSE,3,3,2,59,30,Neutral,I would say reading in my spare time on a regular basis
female,18-34,primary,low,region1,Rural,2 3 5,FALSE,TRUE,TRUE,FALSE,TRUE,2 3 6,FALSE,TRUE,TRUE,FALSE,FALSE,TRUE,FALSE,FALSE,4,3,3,74,33,Strongly dissatisfied,Most of the time I travelling when I can even if it takes effort
male,35-54,secondary,middle,region3,Urban,2,FALSE,TRUE,FALSE,FALSE,FALSE,5 6 7,FALSE,FALSE,FALSE,FALSE,TRUE,TRUE,TRUE,FALSE,2,1,2,71,31,NA,I really enjoy reading in my spare time even if it takes effort
female,18-34,secondary,high,region1,Rural,1 2 3,TRUE,TRUE,TRUE,FALSE,FALSE,1 6 7,TRUE,FALSE,FALSE,FALSE,FALSE,TRUE,TRUE,FALSE,1,4,1,77,40,Neutral,I really enjoy learning new things though it can be difficult
female,35-54,secondary,middle,region3,Urban,1 3 5,TRUE,FALSE,TRUE,FALSE,TRUE,2 6 7,FALSE,TRUE,FALSE,FALSE,FALSE,TRUE,TRUE,FALSE,3,5,1,43,28,NA,I often find myself managing my schedule as much as I can
female,55+,primary,low,region3,Urban,1 3 4,TRUE,FALSE,TRUE,TRUE,FALSE,3 6 7,FALSE,FALSE,TRUE,FALSE,FALSE,TRUE,TRUE,FALSE,4,5,4,53,11,Neutral,I would say staying on top of my health more than I used to
female,35-54,tertiary or higher,low,region3,Urban,2 3 4,FALSE,TRUE,TRUE,TRUE,FALSE,3 5 8,FALSE,FALSE,TRUE,FALSE,TRUE,FALSE,FALSE,TRUE,2,3,4,61,15,Neutral,Most of the time I managing my schedule as much as I can
female,18-34,secondary,middle,region3,Urban,1 3,TRUE,FALSE,TRUE,FALSE,FALSE,3 6 7,FALSE,FALSE,TRUE,FALSE,FALSE,TRUE,TRUE,FALSE,2,4,2,119,30,NA,In my experience cooking at home on a regular basis
female,18-34,tertiary or higher,high,region3,Urban,1 2 4,TRUE,TRUE,FALSE,TRUE,FALSE,2 4 6,FALSE,TRUE,FALSE,TRUE,FALSE,TRUE,FALSE,FALSE,3,3,3,62,39,NA,I often find myself reading in my spare time even if it takes effort
female,35-54,secondary,low,region3,Urban,1,TRUE,FALSE,FALSE,FALSE,FALSE,1 7 8,TRUE,FALSE,FALSE,FALSE,FALSE,FALSE,TRUE,TRUE,5,4,2,46,33,NA,I would say spending time with family even if it takes effort
male,18-34,secondary,middle,region2,Rural,4 5,FALSE,FALSE,FALSE,TRUE,TRUE,1 5 8,TRUE,FALSE,FALSE,FALSE,TRUE,FALSE,FALSE,TRUE,2,3,1,43,37,NA,I often find myself spending time with family depending on the season
male,18-34,secondary,middle,region1,Rural,5,FALSE,FALSE,FALSE,FALSE,TRUE,6 7,FALSE,FALSE,FALSE,FALSE,FALSE,TRUE,TRUE,FALSE,1,3,5,79,25,Dissatisfied,I would say travelling when I can as much as I can
male,35-54,secondary,low,region3,Urban,2 5,FALSE,TRUE,FALSE,FALSE,TRUE,1 4 8,TRUE,FALSE,FALSE,TRUE,FALSE,FALSE,FALSE,TRUE,2,1,1,102,30,Dissatisfied,In my experience reading in my spare time when time allows
male,35-54,secondary,middle,region1,Rural,4 5,FALSE,FALSE,FALSE,TRUE,TRUE,4 8,FALSE,FALSE,FALSE,TRUE,FALSE,FALSE,FALSE,TRUE,3,3,5,77,41,Neutral,Most of the time I spending time with family and find it rewarding
female,35-54,secondary,middle,region3,Urban,1 3 5,TRUE,FALSE,TRUE,FALSE,TRUE,2 5 6,FALSE,TRUE,FALSE,FALSE,TRUE,TRUE,FALSE,FALSE,3,5,5,79,42,Neutral,Most of the time I keeping active outdoors whenever possible
male,35-54,secondary,middle,region2,Rural,3 5,FALSE,FALSE,TRUE,FALSE,TRUE,1 5 8,TRUE,FALSE,FALSE,FALSE,TRUE,FALSE,FALSE,TRUE,4,1,2,74,27,NA,I would say reading in my spare time as much as I can
male,18-34,tertiary or higher,low,region3,Urban,1 4 5,TRUE,FALSE,FALSE,TRUE,TRUE,4 5 8,FALSE,FALSE,FALSE,TRUE,TRUE,FALSE,FALSE,TRUE,2,3,2,105,44,Dissatisfied,Personally I think keeping active outdoors depending on the season
female,35-54,secondary,middle,region1,Rural,3 4 5,FALSE,FALSE,TRUE,TRUE,TRUE,3 4 7,FALSE,FALSE,TRUE,TRUE,FALSE,FALSE,TRUE,FALSE,4,3,4,77,30,NA,I would say staying on top of my health and find it rewarding
male,18-34,primary,low,region1,Rural,,FALSE,FALSE,FALSE,FALSE,FALSE,3 5 7,FALSE,FALSE,TRUE,FALSE,TRUE,FALSE,TRUE,FALSE,2,4,5,88,42,NA,I really enjoy cooking at home more than I used to
female,35-54,tertiary or higher,low,region1,Rural,1 2 3,TRUE,TRUE,TRUE,FALSE,FALSE,4 6,FALSE,FALSE,FALSE,TRUE,FALSE,TRUE,FALSE,FALSE,4,4,1,50,15,Dissatisfied,I really enjoy keeping active outdoors depending on the season
female,18-34,secondary,low,region1,Rural,3,FALSE,FALSE,TRUE,FALSE,FALSE,3 6 8,FALSE,FALSE,TRUE,FALSE,FALSE,TRUE,FALSE,TRUE,2,2,2,94,48,Strongly dissatisfied,I often find myself learning new things depending on the season
male,55+,tertiary or higher,low,region2,Rural,2 4 5,FALSE,TRUE,FALSE,TRUE,TRUE,4 7 8,FALSE,FALSE,FALSE,TRUE,FALSE,FALSE,TRUE,TRUE,3,2,2,8,6,NA,I often find myself managing my schedule and find it rewarding
female,18-34,secondary,high,region3,Urban,1 2 4,TRUE,TRUE,FALSE,TRUE,FALSE,1 3 6,TRUE,FALSE,TRUE,FALSE,FALSE,TRUE,FALSE,FALSE,3,5,5,70,36,Strongly dissatisfied,In my experience reading in my spare time even if it takes effort
male,18-34,secondary,low,region3,Urban,2 5,FALSE,TRUE,FALSE,FALSE,TRUE,1 2 4,TRUE,TRUE,FALSE,TRUE,FALSE,FALSE,FALSE,FALSE,3,3,5,61,38,Neutral,In my experience managing my schedule and find it rewarding
male,35-54,tertiary or higher,low,region3,Urban,1 5,TRUE,FALSE,FALSE,FALSE,TRUE,1 4 8,TRUE,FALSE,FALSE,TRUE,FALSE,FALSE,FALSE,TRUE,1,2,2,49,18,Neutral,Most of the time I learning new things more than I used to
female,35-54,secondary,high,region3,Urban,3 4,FALSE,FALSE,TRUE,TRUE,FALSE,3 6 8,FALSE,FALSE,TRUE,FALSE,FALSE,TRUE,FALSE,TRUE,2,5,1,22,15,Strongly dissatisfied,Most of the time I cooking at home and find it rewarding
female,55+,secondary,middle,region1,Rural,1 3 4,TRUE,FALSE,TRUE,TRUE,FALSE,3 4 6,FALSE,FALSE,TRUE,TRUE,FALSE,TRUE,FALSE,FALSE,3,4,3,12,12,NA,Personally I think managing my schedule when time allows
female,35-54,secondary,low,region1,Rural,1 3 4,TRUE,FALSE,TRUE,TRUE,FALSE,3 6 8,FALSE,FALSE,TRUE,FALSE,FALSE,TRUE,FALSE,TRUE,4,4,3,85,19,Dissatisfied,I often find myself staying on top of my health when time allows
female,18-34,primary,low,region3,Urban,1 2 4,TRUE,TRUE,FALSE,TRUE,FALSE,1 3 6,TRUE,FALSE,TRUE,FALSE,FALSE,TRUE,FALSE,FALSE,5,4,3,100,16,Dissatisfied,I would say cooking at home depending on the season
female,18-34,secondary,high,region1,Rural,,FALSE,FALSE,FALSE,FALSE,FALSE,3 6 8,FALSE,FALSE,TRUE,FALSE,FALSE,TRUE,FALSE,TRUE,4,5,4,88,36,Dissatisfied,In my experience travelling when I can even if it takes effort
female,18-34,tertiary or higher,low,region1,Rural,1 3,TRUE,FALSE,TRUE,FALSE,FALSE,3 6,FALSE,FALSE,TRUE,FALSE,FALSE,TRUE,FALSE,FALSE,5,2,1,64,37,Strongly dissatisfied,Most of the time I reading in my spare time more than I used to
male,35-54,tertiary or higher,high,region3,Urban,3 4 5,FALSE,FALSE,TRUE,TRUE,TRUE,1 5 8,TRUE,FALSE,FALSE,FALSE,TRUE,FALSE,FALSE,TRUE,4,2,1,56,34,NA,Most of the time I learning new things though it can be difficult
male,18-34,tertiary or higher,middle,region2,Rural,2,FALSE,TRUE,FALSE,FALSE,FALSE,1 4 5,TRUE,FALSE,FALSE,TRUE,TRUE,FALSE,FALSE,FALSE,2,1,1,110,40,Neutral,Personally I think reading in my spare time as much as I can
female,35-54,secondary,low,region1,Rural,1 2 4,TRUE,TRUE,FALSE,TRUE,FALSE,3 4 7,FALSE,FALSE,TRUE,TRUE,FALSE,FALSE,TRUE,FALSE,4,4,1,85,27,NA,I often find myself spending time with family as much as I can
female,35-54,secondary,low,region1,Rural,2 3 4,FALSE,TRUE,TRUE,TRUE,FALSE,3 4 6,FALSE,FALSE,TRUE,TRUE,FALSE,TRUE,FALSE,FALSE,2,5,4,41,29,NA,Most of the time I spending time with family depending on the season
male,35-54,primary,high,region3,Urban,4 5,FALSE,FALSE,FALSE,TRUE,TRUE,1 7 8,TRUE,FALSE,FALSE,FALSE,FALSE,FALSE,TRUE,TRUE,3,1,3,53,26,NA,Most of the time I reading in my spare time depending on the season
male,18-34,tertiary or higher,high,region1,Rural,4 5,FALSE,FALSE,FALSE,TRUE,TRUE,1 8,TRUE,FALSE,FALSE,FALSE,FALSE,FALSE,FALSE,TRUE,4,1,4,94,25,Dissatisfied,Most of the time I managing my schedule as much as I can
male,35-54,tertiary or higher,middle,region3,Urban,2 5,FALSE,TRUE,FALSE,FALSE,TRUE,1 4 8,TRUE,FALSE,FALSE,TRUE,FALSE,FALSE,FALSE,TRUE,2,2,2,55,32,NA,I often find myself reading in my spare time on a regular basis
female,35-54,secondary,middle,region1,Rural,1 3 4,TRUE,FALSE,TRUE,TRUE,FALSE,3 6 8,FALSE,FALSE,TRUE,FALSE,FALSE,TRUE,FALSE,TRUE,4,5,3,63,18,Neutral,In my experience meeting up with friends depending on the season
female,18-34,tertiary or higher,low,region2,Rural,1 3,TRUE,FALSE,TRUE,FALSE,FALSE,1 3 6,TRUE,FALSE,TRUE,FALSE,FALSE,TRUE,FALSE,FALSE,3,1,3,114,41,NA,Personally I think meeting up with friends even if it takes effort
female,35-54,tertiary or higher,middle,region3,Urban,1 3,TRUE,FALSE,TRUE,FALSE,FALSE,2 3 6,FALSE,TRUE,TRUE,FALSE,FALSE,TRUE,FALSE,FALSE,5,2,4,53,23,Strongly dissatisfied,I would say meeting up with friends when time allows
male,35-54,secondary,low,region2,Rural,1,TRUE,FALSE,FALSE,FALSE,FALSE,1 7 8,TRUE,FALSE,FALSE,FALSE,FALSE,FALSE,TRUE,TRUE,2,4,5,58,7,NA,I really enjoy keeping active outdoors depending on the season
female,18-34,secondary,high,region3,Urban,1 3,TRUE,FALSE,TRUE,FALSE,FALSE,3 4 6,FALSE,FALSE,TRUE,TRUE,FALSE,TRUE,FALSE,FALSE,5,4,3,61,42,Strongly dissatisfied,Most of the time I managing my schedule even if it takes effort
male,18-34,secondary,middle,region3,Urban,2,FALSE,TRUE,FALSE,FALSE,FALSE,2 7 8,FALSE,TRUE,FALSE,FALSE,FALSE,FALSE,TRUE,TRUE,1,3,4,91,33,NA,I really enjoy staying on top of my health though it can be difficult
female,18-34,secondary,low,region1,Rural,1 3 5,TRUE,FALSE,TRUE,FALSE,TRUE,1 3 6,TRUE,FALSE,TRUE,FALSE,FALSE,TRUE,FALSE,FALSE,1,2,5,98,45,Strongly dissatisfied,Most of the time I meeting up with friends and would recommend it
female,35-54,tertiary or higher,high,region2,Rural,1 3 4,TRUE,FALSE,TRUE,TRUE,FALSE,3 6 7,FALSE,FALSE,TRUE,FALSE,FALSE,TRUE,TRUE,FALSE,3,5,4,42,27,NA,I really enjoy managing my schedule though it can be difficult
female,18-34,tertiary or higher,low,region3,Urban,3 4 5,FALSE,FALSE,TRUE,TRUE,TRUE,1 5 6,TRUE,FALSE,FALSE,FALSE,TRUE,TRUE,FALSE,FALSE,5,4,3,94,46,NA,Most of the time I meeting up with friends whenever possible
male,55+,tertiary or higher,middle,region3,Urban,4,FALSE,FALSE,FALSE,TRUE,FALSE,1 4 5,TRUE,FALSE,FALSE,TRUE,TRUE,FALSE,FALSE,FALSE,2,3,4,59,16,NA,I would say learning new things even if it takes effort
female,35-54,tertiary or higher,low,region3,Urban,1 3 5,TRUE,FALSE,TRUE,FALSE,TRUE,2 3 6,FALSE,TRUE,TRUE,FALSE,FALSE,TRUE,FALSE,FALSE,4,5,4,74,33,Strongly dissatisfied,I really enjoy learning new things and find it rewarding
male,18-34,secondary,low,region2,Rural,,FALSE,FALSE,FALSE,FALSE,FALSE,1 5 6,TRUE,FALSE,FALSE,FALSE,TRUE,TRUE,FALSE,FALSE,5,4,1,104,32,Neutral,I really enjoy staying on top of my health though it can be difficult
male,18-34,secondary,low,region3,Urban,,FALSE,FALSE,FALSE,FALSE,FALSE,1 4 5,TRUE,FALSE,FALSE,TRUE,TRUE,FALSE,FALSE,FALSE,1,3,5,107,29,NA,Personally I think reading in my spare time and would recommend it
male,35-54,secondary,low,region2,Rural,4 5,FALSE,FALSE,FALSE,TRUE,TRUE,1 4 5,TRUE,FALSE,FALSE,TRUE,TRUE,FALSE,FALSE,FALSE,2,5,3,34,40,Strongly dissatisfied,I often find myself spending time with family as much as I can
female,18-34,secondary,low,region3,Urban,1 4 5,TRUE,FALSE,FALSE,TRUE,TRUE,,FALSE,FALSE,FALSE,FALSE,FALSE,FALSE,FALSE,FALSE,4,5,5,74,38,Dissatisfied,I often find myself keeping active outdoors depending on the season
female,55+,primary,middle,region2,Rural,3 4,FALSE,FALSE,TRUE,TRUE,FALSE,3 4 7,FALSE,FALSE,TRUE,TRUE,FALSE,FALSE,TRUE,FALSE,4,4,2,17,10,Neutral,In my experience travelling when I can and find it rewarding
female,35-54,tertiary or higher,middle,region2,Rural,2 3 5,FALSE,TRUE,TRUE,FALSE,TRUE,2 3 6,FALSE,TRUE,TRUE,FALSE,FALSE,TRUE,FALSE,FALSE,3,4,4,83,31,Strongly dissatisfied,I really enjoy meeting up with friends when time allows
female,18-34,secondary,middle,region2,Rural,1 4,TRUE,FALSE,FALSE,TRUE,FALSE,3 4 8,FALSE,FALSE,TRUE,TRUE,FALSE,FALSE,FALSE,TRUE,1,2,4,92,39,Dissatisfied,I would say travelling when I can depending on the season
female,18-34,secondary,middle,region2,Rural,1 3 4,TRUE,FALSE,TRUE,TRUE,FALSE,1 4 5,TRUE,FALSE,FALSE,TRUE,TRUE,FALSE,FALSE,FALSE,3,5,5,70,41,Strongly dissatisfied,Most of the time I learning new things on a regular basis
male,55+,primary,low,region3,Urban,1 5,TRUE,FALSE,FALSE,FALSE,TRUE,1 7 8,TRUE,FALSE,FALSE,FALSE,FALSE,FALSE,TRUE,TRUE,4,2,5,27,4,NA,Personally I think spending time with family when time allows
female,18-34,secondary,low,region3,Urban,1 3 4,TRUE,FALSE,TRUE,TRUE,FALSE,2 3,FALSE,TRUE,TRUE,FALSE,FALSE,FALSE,FALSE,FALSE,4,3,1,98,49,Neutral,Personally I think reading in my spare time more than I used to
female,18-34,secondary,middle,region3,Urban,1 2 3,TRUE,TRUE,TRUE,FALSE,FALSE,2 4 7,FALSE,TRUE,FALSE,TRUE,FALSE,FALSE,TRUE,FALSE,3,3,2,75,43,Strongly dissatisfied,I really enjoy keeping active outdoors more than I used to
male,35-54,secondary,low,region1,Rural,4,FALSE,FALSE,FALSE,TRUE,FALSE,1 5,TRUE,FALSE,FALSE,FALSE,TRUE,FALSE,FALSE,FALSE,1,1,5,86,28,NA,Most of the time I cooking at home though it can be difficult
male,35-54,primary,middle,region2,Rural,5,FALSE,FALSE,FALSE,FALSE,TRUE,1 2 8,TRUE,TRUE,FALSE,FALSE,FALSE,FALSE,FALSE,TRUE,2,4,3,37,39,NA,Personally I think keeping active outdoors whenever possible
female,18-34,tertiary or higher,low,region3,Urban,1 3 4,TRUE,FALSE,TRUE,TRUE,FALSE,3 6,FALSE,FALSE,TRUE,FALSE,FALSE,TRUE,FALSE,FALSE,5,4,5,90,41,Neutral,I would say managing my schedule as much as I can
male,18-34,secondary,high,region3,Urban,4 5,FALSE,FALSE,FALSE,TRUE,TRUE,5 8,FALSE,FALSE,FALSE,FALSE,TRUE,FALSE,FALSE,TRUE,3,1,3,114,44,Neutral,Personally I think spending time with family more than I used to
female,55+,tertiary or higher,middle,region3,Urban,2 3 5,FALSE,TRUE,TRUE,FALSE,TRUE,3 6 8,FALSE,FALSE,TRUE,FALSE,FALSE,TRUE,FALSE,TRUE,4,5,1,33,26,Dissatisfied,Most of the time I spending time with family depending on the season
female,18-34,secondary,high,region3,Urban,1 3 4,TRUE,FALSE,TRUE,TRUE,FALSE,1 3 4,TRUE,FALSE,TRUE,TRUE,FALSE,FALSE,FALSE,FALSE,5,5,1,61,30,Neutral,I really enjoy travelling when I can even if it takes effort
male,35-54,tertiary or higher,high,region3,Urban,2 5,FALSE,TRUE,FALSE,FALSE,TRUE,1 4 8,TRUE,FALSE,FALSE,TRUE,FALSE,FALSE,FALSE,TRUE,3,1,1,27,39,Neutral,I really enjoy staying on top of my health and find it rewarding
female,18-34,tertiary or higher,low,region3,Urban,1 2 3,TRUE,TRUE,TRUE,FALSE,FALSE,3 6,FALSE,FALSE,TRUE,FALSE,FALSE,TRUE,FALSE,FALSE,5,3,3,86,38,Neutral,Most of the time I staying on top of my health whenever possible
female,35-54,tertiary or higher,low,region1,Rural,1 3,TRUE,FALSE,TRUE,FALSE,FALSE,3 6 7,FALSE,FALSE,TRUE,FALSE,FALSE,TRUE,TRUE,FALSE,4,4,4,27,26,Strongly dissatisfied,I often find myself learning new things and would recommend it
male,18-34,secondary,low,region2,Rural,1 5,TRUE,FALSE,FALSE,FALSE,TRUE,5 6,FALSE,FALSE,FALSE,FALSE,TRUE,TRUE,FALSE,FALSE,1,1,5,64,40,NA,Personally I think staying on top of my health though it can be difficult
male,35-54,primary,high,region1,Rural,5,FALSE,FALSE,FALSE,FALSE,TRUE,2 5 8,FALSE,TRUE,FALSE,FALSE,TRUE,FALSE,FALSE,TRUE,1,3,4,85,36,NA,I would say managing my schedule and would recommend it
female,18-34,tertiary or higher,low,region1,Rural,1 3 4,TRUE,FALSE,TRUE,TRUE,FALSE,3 7,FALSE,FALSE,TRUE,FALSE,FALSE,FALSE,TRUE,FALSE,2,5,1,95,43,Dissatisfied,Most of the time I meeting up with friends as much as I can
male,18-34,tertiary or higher,high,region1,Rural,1 4 5,TRUE,FALSE,FALSE,TRUE,TRUE,4 5 6,FALSE,FALSE,FALSE,TRUE,TRUE,TRUE,FALSE,FALSE,2,3,1,93,29,NA,Personally I think spending time with family more than I used to
male,18-34,secondary,middle,region2,Rural,2 3 5,FALSE,TRUE,TRUE,FALSE,TRUE,1 2 6,TRUE,TRUE,FALSE,FALSE,FALSE,TRUE,FALSE,FALSE,3,2,3,109,44,Neutral,Most of the time I spending time with family though it can be difficult
male,35-54,secondary,low,region3,Urban,5,FALSE,FALSE,FALSE,FALSE,TRUE,1 5,TRUE,FALSE,FALSE,FALSE,TRUE,FALSE,FALSE,FALSE,2,5,1,63,28,Dissatisfied,I would say reading in my spare time and find it rewarding
female,18-34,tertiary or higher,middle,region3,Urban,1 3 5,TRUE,FALSE,TRUE,FALSE,TRUE,2 4 7,FALSE,TRUE,FALSE,TRUE,FALSE,FALSE,TRUE,FALSE,2,2,3,85,32,Dissatisfied,I often find myself managing my schedule even if it takes effort
female,18-34,secondary,low,region1,Rural,3 4,FALSE,FALSE,TRUE,TRUE,FALSE,3 6,FALSE,FALSE,TRUE,FALSE,FALSE,TRUE,FALSE,FALSE,1,3,2,101,47,NA,I often find myself meeting up with friends whenever possible
male,35-54,tertiary or higher,high,region1,Rural,2 5,FALSE,TRUE,FALSE,FALSE,TRUE,1 4 6,TRUE,FALSE,FALSE,TRUE,FALSE,TRUE,FALSE,FALSE,2,2,1,55,28,Neutral,I would say meeting up with friends as much as I can
male,18-34,secondary,low,region1,Rural,5,FALSE,FALSE,FALSE,FALSE,TRUE,1 6 8,TRUE,FALSE,FALSE,FALSE,FALSE,TRUE,FALSE,TRUE,1,2,5,62,34,NA,Personally I think managing my schedule as much as I can
female,18-34,tertiary or higher,middle,region3,Urban,1 3 4,TRUE,FALSE,TRUE,TRUE,FALSE,3 6 7,FALSE,FALSE,TRUE,FALSE,FALSE,TRUE,TRUE,FALSE,3,5,5,78,47,Neutral,I would say meeting up with friends whenever possible
male,18-34,tertiary or higher,low,region2,Rural,4 5,FALSE,FALSE,FALSE,TRUE,TRUE,1 4 8,TRUE,FALSE,FALSE,TRUE,FALSE,FALSE,FALSE,TRUE,3,3,5,103,32,Dissatisfied,Most of the time I travelling when I can even if it takes effort
female,35-54,secondary,low,region1,Rural,1 3 4,TRUE,FALSE,TRUE,TRUE,FALSE,3 6 7,FALSE,FALSE,TRUE,FALSE,FALSE,TRUE,TRUE,FALSE,4,4,3,59,15,Strongly dissatisfied,I really enjoy meeting up with friends and find it rewarding
male,35-54,secondary,low,region3,Urban,4 5,FALSE,FALSE,FALSE,TRUE,TRUE,1 4 5,TRUE,FALSE,FALSE,TRUE,TRUE,FALSE,FALSE,FALSE,1,3,5,49,28,Strongly dissatisfied,I would say learning new things more than I used to
female,18-34,secondary,middle,region3,Urban,1 2 3,TRUE,TRUE,TRUE,FALSE,FALSE,3 6 7,FALSE,FALSE,TRUE,FALSE,FALSE,TRUE,TRUE,FALSE,3,5,3,78,47,Dissatisfied,I would say cooking at home and would recommend it
male,18-34,secondary,low,region1,Rural,2 5,FALSE,TRUE,FALSE,FALSE,TRUE,1 4 7,TRUE,FALSE,FALSE,TRUE,FALSE,FALSE,TRUE,FALSE,1,2,1,95,49,Dissatisfied,I often find myself meeting up with friends and would recommend it
male,35-54,tertiary or higher,high,region1,Rural,2 3 5,FALSE,TRUE,TRUE,FALSE,TRUE,1 4 8,TRUE,FALSE,FALSE,TRUE,FALSE,FALSE,FALSE,TRUE,5,1,2,49,21,NA,Personally I think learning new things more than I used to
female,35-54,secondary,high,region1,Rural,3 4 5,FALSE,FALSE,TRUE,TRUE,TRUE,3 5 7,FALSE,FALSE,TRUE,FALSE,TRUE,FALSE,TRUE,FALSE,5,3,2,71,30,NA,Most of the time I spending time with family on a regular basis
female,35-54,tertiary or higher,high,region3,Urban,1 3 4,TRUE,FALSE,TRUE,TRUE,FALSE,1 3 8,TRUE,FALSE,TRUE,FALSE,FALSE,FALSE,FALSE,TRUE,4,2,4,90,8,Strongly dissatisfied,Personally I think keeping active outdoors depending on the season
female,35-54,secondary,middle,region3,Urban,3 4,FALSE,FALSE,TRUE,TRUE,FALSE,5 6 7,FALSE,FALSE,FALSE,FALSE,TRUE,TRUE,TRUE,FALSE,3,4,4,67,18,NA,Most of the time I meeting up with friends though it can be difficult
female,18-34,secondary,high,region2,Rural,1 3 4,TRUE,FALSE,TRUE,TRUE,FALSE,7,FALSE,FALSE,FALSE,FALSE,FALSE,FALSE,TRUE,FALSE,1,5,1,104,41,Strongly dissatisfied,Personally I think spending time with family though it can be difficult
female,35-54,tertiary or higher,middle,region3,Urban,1 3 5,TRUE,FALSE,TRUE,FALSE,TRUE,3 5 6,FALSE,FALSE,TRUE,FALSE,TRUE,TRUE,FALSE,FALSE,1,5,5,77,17,Dissatisfied,I really enjoy cooking at home though it can be difficult
female,35-54,secondary,low,region1,Rural,1 3 4,TRUE,FALSE,TRUE,TRUE,FALSE,3 6,FALSE,FALSE,TRUE,FALSE,FALSE,TRUE,FALSE,FALSE,4,5,2,64,30,Neutral,In my experience managing my schedule depending on the season
female,18-34,secondary,middle,region1,Rural,2 3 4,FALSE,TRUE,TRUE,TRUE,FALSE,3 6,FALSE,FALSE,TRUE,FALSE,FALSE,TRUE,FALSE,FALSE,4,5,2,85,43,Strongly dissatisfied,I really enjoy travelling when I can though it can be difficult
male,55+,tertiary or higher,middle,region3,Urban,4 5,FALSE,FALSE,FALSE,TRUE,TRUE,4 7 8,FALSE,FALSE,FALSE,TRUE,FALSE,FALSE,TRUE,TRUE,3,1,3,14,22,NA,I often find myself reading in my spare time more than I used to
female,18-34,primary,high,region2,Rural,1 4,TRUE,FALSE,FALSE,TRUE,FALSE,3 6 7,FALSE,FALSE,TRUE,FALSE,FALSE,TRUE,TRUE,FALSE,3,2,5,106,39,Strongly dissatisfied,In my experience keeping active outdoors as much as I can
female,35-54,secondary,middle,region3,Urban,1 3,TRUE,FALSE,TRUE,FALSE,FALSE,3 6 7,FALSE,FALSE,TRUE,FALSE,FALSE,TRUE,TRUE,FALSE,3,1,1,35,32,NA,In my experience travelling when I can though it can be difficult
female,18-34,tertiary or higher,low,region1,Rural,1 3,TRUE,FALSE,TRUE,FALSE,FALSE,2 4 8,FALSE,TRUE,FALSE,TRUE,FALSE,FALSE,FALSE,TRUE,3,4,5,25,44,Strongly dissatisfied,I really enjoy travelling when I can as much as I can
male,18-34,secondary,low,region3,Urban,2 5,FALSE,TRUE,FALSE,FALSE,TRUE,1 7 8,TRUE,FALSE,FALSE,FALSE,FALSE,FALSE,TRUE,TRUE,3,2,1,115,38,NA,In my experience learning new things when time allows
female,18-34,secondary,high,region2,Rural,1 2 4,TRUE,TRUE,FALSE,TRUE,FALSE,1 3 8,TRUE,FALSE,TRUE,FALSE,FALSE,FALSE,FALSE,TRUE,4,3,3,107,36,NA,I often find myself travelling when I can even if it takes effort
female,55+,secondary,low,region3,Urban,3 4,FALSE,FALSE,TRUE,TRUE,FALSE,2 3 6,FALSE,TRUE,TRUE,FALSE,FALSE,TRUE,FALSE,FALSE,4,5,3,45,14,NA,Personally I think reading in my spare time when time allows
female,35-54,secondary,middle,region2,Rural,1 3 4,TRUE,FALSE,TRUE,TRUE,FALSE,1 5 8,TRUE,FALSE,FALSE,FALSE,TRUE,FALSE,FALSE,TRUE,5,3,3,52,23,Neutral,In my experience reading in my spare time depending on the season
female,35-54,primary,high,region2,Rural,1 3 4,TRUE,FALSE,TRUE,TRUE,FALSE,3 7 8,FALSE,FALSE,TRUE,FALSE,FALSE,FALSE,TRUE,TRUE,3,3,3,47,37,NA,In my experience spending time with family as much as I can
female,35-54,secondary,middle,region2,Rural,2 3 5,FALSE,TRUE,TRUE,FALSE,TRUE,3 6 7,FALSE,FALSE,TRUE,FALSE,FALSE,TRUE,TRUE,FALSE,5,4,3,72,27,Neutral,Personally I think travelling when I can and find it rewarding
male,35-54,tertiary or higher,low,region1,Rural,2 4 5,FALSE,TRUE,FALSE,TRUE,TRUE,5,FALSE,FALSE,FALSE,FALSE,TRUE,FALSE,FALSE,FALSE,5,4,2,46,26,Neutral,Personally I think meeting up with friends on a regular basis
female,35-54,secondary,middle,region1,Rural,1 3,TRUE,FALSE,TRUE,FALSE,FALSE,3 8,FALSE,FALSE,TRUE,FALSE,FALSE,FALSE,FALSE,TRUE,4,4,1,16,25,Dissatisfied,I often find myself spending time with family whenever possible
male,55+,tertiary or higher,high,region3,Urban,4 5,FALSE,FALSE,FALSE,TRUE,TRUE,1 5 7,TRUE,FALSE,FALSE,FALSE,TRUE,FALSE,TRUE,FALSE,2,3,5,23,17,NA,Personally I think managing my schedule and would recommend it
male,18-34,secondary,middle,region1,Rural,5,FALSE,FALSE,FALSE,FALSE,TRUE,1 4 5,TRUE,FALSE,FALSE,TRUE,TRUE,FALSE,FALSE,FALSE,3,3,5,89,26,NA,I would say reading in my spare time even if it takes effort
female,55+,secondary,low,region1,Rural,1 2 3,TRUE,TRUE,TRUE,FALSE,FALSE,1 2 4,TRUE,TRUE,FALSE,TRUE,FALSE,FALSE,FALSE,FALSE,3,3,1,25,7,Neutral,I would say meeting up with friends and would recommend it
female,55+,tertiary or higher,high,region3,Urban,3,FALSE,FALSE,TRUE,FALSE,FALSE,2 5 8,FALSE,TRUE,FALSE,FALSE,TRUE,FALSE,FALSE,TRUE,4,5,4,39,6,Dissatisfied,Personally I think staying on top of my health whenever possible
female,18-34,secondary,low,region1,Rural,1 2 4,TRUE,TRUE,FALSE,TRUE,FALSE,6 7 8,FALSE,FALSE,FALSE,FALSE,FALSE,TRUE,TRUE,TRUE,3,4,3,77,33,Strongly dissatisfied,In my experience learning new things depending on the season
female,35-54,secondary,low,region3,Urban,1 3 4,TRUE,FALSE,TRUE,TRUE,FALSE,4 6,FALSE,FALSE,FALSE,TRUE,FALSE,TRUE,FALSE,FALSE,3,5,3,33,43,NA,Most of the time I meeting up with friends and would recommend it
female,35-54,secondary,low,region1,Rural,1 2 3,TRUE,TRUE,TRUE,FALSE,FALSE,3 6 7,FALSE,FALSE,TRUE,FALSE,FALSE,TRUE,TRUE,FALSE,2,5,3,70,20,Strongly dissatisfied,In my experience staying on top of my health as much as I can
male,35-54,secondary,low,region2,Rural,5,FALSE,FALSE,FALSE,FALSE,TRUE,1 3 4,TRUE,FALSE,TRUE,TRUE,FALSE,FALSE,FALSE,FALSE,2,3,2,58,26,NA,I really enjoy spending time with family depending on the season
female,18-34,secondary,low,region3,Urban,1 2 3,TRUE,TRUE,TRUE,FALSE,FALSE,3 4 7,FALSE,FALSE,TRUE,TRUE,FALSE,FALSE,TRUE,FALSE,3,4,4,89,43,Strongly dissatisfied,I would say meeting up with friends on a regular basis
male,18-34,primary,middle,region1,Rural,5,FALSE,FALSE,FALSE,FALSE,TRUE,1 2 7,TRUE,TRUE,FALSE,FALSE,FALSE,FALSE,TRUE,FALSE,2,2,4,98,48,NA,Most of the time I staying on top of my health and find it rewarding
female,18-34,tertiary or higher,low,region2,Rural,1 3 4,TRUE,FALSE,TRUE,TRUE,FALSE,3 6 7,FALSE,FALSE,TRUE,FALSE,FALSE,TRUE,TRUE,FALSE,2,2,2,103,26,Neutral,In my experience travelling when I can even if it takes effort
male,18-34,primary,middle,region3,Urban,4 5,FALSE,FALSE,FALSE,TRUE,TRUE,4 5 8,FALSE,FALSE,FALSE,TRUE,TRUE,FALSE,FALSE,TRUE,5,3,2,100,33,NA,Most of the time I staying on top of my health on a regular basis
female,18-34,tertiary or higher,low,region2,Rural,1 3 5,TRUE,FALSE,TRUE,FALSE,TRUE,2 4 6,FALSE,TRUE,FALSE,TRUE,FALSE,TRUE,FALSE,FALSE,4,2,5,96,39,Strongly dissatisfied,In my experience learning new things whenever possible
female,18-34,primary,low,region3,Urban,1 3,TRUE,FALSE,TRUE,FALSE,FALSE,6 7 8,FALSE,FALSE,FALSE,FALSE,FALSE,TRUE,TRUE,TRUE,4,2,3,50,42,Dissatisfied,Personally I think spending time with family depending on the season
male,18-34,secondary,middle,region3,Urban,2 4,FALSE,TRUE,FALSE,TRUE,FALSE,1 2 5,TRUE,TRUE,FALSE,FALSE,TRUE,FALSE,FALSE,FALSE,3,3,4,71,38,Dissatisfied,I often find myself reading in my spare time on a regular basis
female,35-54,tertiary or higher,low,region3,Urban,1 2 4,TRUE,TRUE,FALSE,TRUE,FALSE,5 6 8,FALSE,FALSE,FALSE,FALSE,TRUE,TRUE,FALSE,TRUE,2,4,2,62,19,NA,Most of the time I spending time with family more than I used to
female,35-54,secondary,low,region2,Rural,1 3 4,TRUE,FALSE,TRUE,TRUE,FALSE,3 6 7,FALSE,FALSE,TRUE,FALSE,FALSE,TRUE,TRUE,FALSE,3,3,1,114,34,Dissatisfied,Most of the time I reading in my spare time whenever possible
female,18-34,secondary,low,region3,Urban,1 4,TRUE,FALSE,FALSE,TRUE,FALSE,2 3 6,FALSE,TRUE,TRUE,FALSE,FALSE,TRUE,FALSE,FALSE,3,5,3,106,41,Strongly dissatisfied,I really enjoy learning new things whenever possible
female,18-34,primary,middle,region3,Urban,1 3 4,TRUE,FALSE,TRUE,TRUE,FALSE,4 6 8,FALSE,FALSE,FALSE,TRUE,FALSE,TRUE,FALSE,TRUE,4,4,2,116,36,Neutral,In my experience staying on top of my health and find it rewarding
female,55+,secondary,high,region3,Urban,1 2 3,TRUE,TRUE,TRUE,FALSE,FALSE,3 5 8,FALSE,FALSE,TRUE,FALSE,TRUE,FALSE,FALSE,TRUE,5,4,1,15,3,NA,I often find myself cooking at home even if it takes effort
male,35-54,secondary,middle,region1,Rural,1 5,TRUE,FALSE,FALSE,FALSE,TRUE,4 5 8,FALSE,FALSE,FALSE,TRUE,TRUE,FALSE,FALSE,TRUE,1,1,2,59,32,Neutral,I really enjoy cooking at home though it can be difficult
male,18-34,secondary,high,region1,Rural,2 5,FALSE,TRUE,FALSE,FALSE,TRUE,5 7,FALSE,FALSE,FALSE,FALSE,TRUE,FALSE,TRUE,FALSE,1,2,1,112,47,Dissatisfied,In my experience spending time with family whenever possible
female,35-54,tertiary or higher,low,region2,Rural,2 3 4,FALSE,TRUE,TRUE,TRUE,FALSE,2 6 8,FALSE,TRUE,FALSE,FALSE,FALSE,TRUE,FALSE,TRUE,5,5,4,64,36,Strongly dissatisfied,Most of the time I reading in my spare time though it can be difficult
female,18-34,tertiary or higher,low,region2,Rural,1 4,TRUE,FALSE,FALSE,TRUE,FALSE,4 8,FALSE,FALSE,FALSE,TRUE,FALSE,FALSE,FALSE,TRUE,3,5,1,113,41,Strongly dissatisfied,I really enjoy meeting up with friends whenever possible
male,18-34,secondary,middle,region1,Rural,2,FALSE,TRUE,FALSE,FALSE,FALSE,1 5 6,TRUE,FALSE,FALSE,FALSE,TRUE,TRUE,FALSE,FALSE,5,2,2,91,19,Neutral,Most of the time I reading in my spare time and find it rewarding
male,18-34,secondary,middle,region1,Rural,5,FALSE,FALSE,FALSE,FALSE,TRUE,4 5,FALSE,FALSE,FALSE,TRUE,TRUE,FALSE,FALSE,FALSE,2,2,1,106,39,Strongly dissatisfied,I would say cooking at home though it can be difficult
female,18-34,secondary,low,region3,Urban,1 3 4,TRUE,FALSE,TRUE,TRUE,FALSE,3 7 8,FALSE,FALSE,TRUE,FALSE,FALSE,FALSE,TRUE,TRUE,5,5,4,91,17,Dissatisfied,Most of the time I reading in my spare time as much as I can
female,18-34,secondary,high,region2,Rural,2 3 4,FALSE,TRUE,TRUE,TRUE,FALSE,2 3 6,FALSE,TRUE,TRUE,FALSE,FALSE,TRUE,FALSE,FALSE,5,4,5,77,28,Strongly dissatisfied,I would say meeting up with friends though it can be difficult
male,55+,secondary,middle,region1,Rural,5,FALSE,FALSE,FALSE,FALSE,TRUE,4 5 8,FALSE,FALSE,FALSE,TRUE,TRUE,FALSE,FALSE,TRUE,4,2,5,9,9,Neutral,I often find myself learning new things and find it rewarding
male,18-34,primary,middle,region1,Rural,5,FALSE,FALSE,FALSE,FALSE,TRUE,1 2 5,TRUE,TRUE,FALSE,FALSE,TRUE,FALSE,FALSE,FALSE,5,2,4,75,33,NA,In my experience cooking at home and find it rewarding
female,18-34,tertiary or higher,low,region2,Rural,1 3,TRUE,FALSE,TRUE,FALSE,FALSE,3 6 8,FALSE,FALSE,TRUE,FALSE,FALSE,TRUE,FALSE,TRUE,4,5,2,107,30,Strongly dissatisfied,Personally I think keeping active outdoors when time allows
male,35-54,primary,low,region3,Urban,,FALSE,FALSE,FALSE,FALSE,FALSE,5 7 8,FALSE,FALSE,FALSE,FALSE,TRUE,FALSE,TRUE,TRUE,2,2,3,89,33,NA,I really enjoy managing my schedule whenever possible
female,18-34,secondary,middle,region2,Rural,1 3 4,TRUE,FALSE,TRUE,TRUE,FALSE,5 7 8,FALSE,FALSE,FALSE,FALSE,TRUE,FALSE,TRUE,TRUE,3,2,2,87,42,Neutral,I often find myself spending time with family even if it takes effort
female,18-34,secondary,high,region2,Rural,1 3 4,TRUE,FALSE,TRUE,TRUE,FALSE,3 4 6,FALSE,FALSE,TRUE,TRUE,FALSE,TRUE,FALSE,FALSE,5,5,3,115,20,Neutral,I really enjoy cooking at home when time allows
male,55+,tertiary or higher,high,region1,Rural,,FALSE,FALSE,FALSE,FALSE,FALSE,1 7 8,TRUE,FALSE,FALSE,FALSE,FALSE,FALSE,TRUE,TRUE,1,3,1,15,11,NA,I really enjoy keeping active outdoors depending on the season
male,18-34,primary,middle,region3,Urban,2 5,FALSE,TRUE,FALSE,FALSE,TRUE,4 5 6,FALSE,FALSE,FALSE,TRUE,TRUE,TRUE,FALSE,FALSE,1,1,1,106,38,Dissatisfied,Most of the time I reading in my spare time though it can be difficult
female,35-54,primary,low,region3,Urban,1 2 5,TRUE,TRUE,FALSE,FALSE,TRUE,6 7 8,FALSE,FALSE,FALSE,FALSE,FALSE,TRUE,TRUE,TRUE,3,4,1,102,9,Dissatisfied,In my experience cooking at home and would recommend it
male,35-54,secondary,middle,region3,Urban,5,FALSE,FALSE,FALSE,FALSE,TRUE,1 3 8,TRUE,FALSE,TRUE,FALSE,FALSE,FALSE,FALSE,TRUE,1,3,1,61,24,NA,Personally I think cooking at home though it can be difficult
male,18-34,secondary,low,region2,Rural,5,FALSE,FALSE,FALSE,FALSE,TRUE,1 3 7,TRUE,FALSE,TRUE,FALSE,FALSE,FALSE,TRUE,FALSE,1,3,5,105,38,NA,In my experience learning new things more than I used to
male,18-34,tertiary or higher,middle,region1,Rural,2 4 5,FALSE,TRUE,FALSE,TRUE,TRUE,5 7,FALSE,FALSE,FALSE,FALSE,TRUE,FALSE,TRUE,FALSE,3,4,2,101,45,Dissatisfied,I often find myself staying on top of my health when time allows
female,55+,secondary,high,region1,Rural,1 2 5,TRUE,TRUE,FALSE,FALSE,TRUE,1 3 6,TRUE,FALSE,TRUE,FALSE,FALSE,TRUE,FALSE,FALSE,4,5,4,36,21,Strongly dissatisfied,I really enjoy spending time with family though it can be difficult
female,18-34,secondary,low,region3,Urban,1 3,TRUE,FALSE,TRUE,FALSE,FALSE,6 7 8,FALSE,FALSE,FALSE,FALSE,FALSE,TRUE,TRUE,TRUE,4,3,3,96,30,Dissatisfied,I would say cooking at home as much as I can
female,55+,tertiary or higher,high,region1,Rural,1 3,TRUE,FALSE,TRUE,FALSE,FALSE,4 6,FALSE,FALSE,FALSE,TRUE,FALSE,TRUE,FALSE,FALSE,1,5,4,10,20,Dissatisfied,I would say cooking at home and find it rewarding
female,35-54,secondary,high,region3,Urban,1 2 4,TRUE,TRUE,FALSE,TRUE,FALSE,3 6 7,FALSE,FALSE,TRUE,FALSE,FALSE,TRUE,TRUE,FALSE,3,2,4,39,31,Dissatisfied,I really enjoy reading in my spare time when time allows
female,35-54,secondary,middle,region2,Rural,1 3 4,TRUE,FALSE,TRUE,TRUE,FALSE,3 4 6,FALSE,FALSE,TRUE,TRUE,FALSE,TRUE,FALSE,FALSE,3,4,1,64,27,Neutral,I would say reading in my spare time as much as I can
female,18-34,secondary,high,region1,Rural,1 3,TRUE,FALSE,TRUE,FALSE,FALSE,2 3 7,FALSE,TRUE,TRUE,FALSE,FALSE,FALSE,TRUE,FALSE,3,4,4,102,30,Dissatisfied,I would say learning new things and would recommend it
male,18-34,secondary,middle,region3,Urban,2 4,FALSE,TRUE,FALSE,TRUE,FALSE,4 5 8,FALSE,FALSE,FALSE,TRUE,TRUE,FALSE,FALSE,TRUE,2,1,1,87,38,Neutral,Personally I think cooking at home more than I used to
male,35-54,secondary,low,region3,Urban,5,FALSE,FALSE,FALSE,FALSE,TRUE,1 4 5,TRUE,FALSE,FALSE,TRUE,TRUE,FALSE,FALSE,FALSE,2,1,3,20,11,NA,I would say keeping active outdoors depending on the season
female,18-34,secondary,middle,region3,Urban,1 2 3,TRUE,TRUE,TRUE,FALSE,FALSE,3 6 7,FALSE,FALSE,TRUE,FALSE,FALSE,TRUE,TRUE,FALSE,3,4,4,60,38,Strongly dissatisfied,Personally I think keeping active outdoors on a regular basis
male,18-34,secondary,low,region1,Rural,5,FALSE,FALSE,FALSE,FALSE,TRUE,2 4 6,FALSE,TRUE,FALSE,TRUE,FALSE,TRUE,FALSE,FALSE,2,4,5,91,27,NA,I often find myself keeping active outdoors and would recommend it
female,35-54,secondary,middle,region3,Urban,1 4 5,TRUE,FALSE,FALSE,TRUE,TRUE,3 5 6,FALSE,FALSE,TRUE,FALSE,TRUE,TRUE,FALSE,FALSE,5,5,4,61,24,Strongly dissatisfied,In my experience learning new things as much as I can
male,18-34,tertiary or higher,middle,region1,Rural,4 5,FALSE,FALSE,FALSE,TRUE,TRUE,1 5 7,TRUE,FALSE,FALSE,FALSE,TRUE,FALSE,TRUE,FALSE,1,3,4,104,46,NA,Personally I think reading in my spare time more than I used to
male,18-34,tertiary or higher,low,region1,Rural,4 5,FALSE,FALSE,FALSE,TRUE,TRUE,1 5 8,TRUE,FALSE,FALSE,FALSE,TRUE,FALSE,FALSE,TRUE,1,3,4,81,43,Strongly dissatisfied,In my experience managing my schedule when time allows
female,35-54,secondary,high,region1,Rural,1 3,TRUE,FALSE,TRUE,FALSE,FALSE,1 2 6,TRUE,TRUE,FALSE,FALSE,FALSE,TRUE,FALSE,FALSE,5,5,3,64,25,Neutral,In my experience travelling when I can more than I used to
male,18-34,secondary,middle,region3,Urban,1 5,TRUE,FALSE,FALSE,FALSE,TRUE,5 7 8,FALSE,FALSE,FALSE,FALSE,TRUE,FALSE,TRUE,TRUE,2,1,5,79,28,NA,I often find myself learning new things though it can be difficult
female,18-34,primary,high,region1,Rural,1 2 4,TRUE,TRUE,FALSE,TRUE,FALSE,3 4 6,FALSE,FALSE,TRUE,TRUE,FALSE,TRUE,FALSE,FALSE,5,3,3,98,39,Dissatisfied,Personally I think keeping active outdoors when time allows
female,18-34,secondary,high,region3,Urban,1 3 4,TRUE,FALSE,TRUE,TRUE,FALSE,3 4 6,FALSE,FALSE,TRUE,TRUE,FALSE,TRUE,FALSE,FALSE,5,5,4,98,44,Strongly dissatisfied,I would say learning new things more than I used to
male,35-54,tertiary or higher,middle,region1,Rural,5,FALSE,FALSE,FALSE,FALSE,TRUE,1 5,TRUE,FALSE,FALSE,FALSE,TRUE,FALSE,FALSE,FALSE,1,3,5,59,31,NA,Most of the time I learning new things though it can be difficult
female,18-34,tertiary or higher,high,region1,Rural,1 3 5,TRUE,FALSE,TRUE,FALSE,TRUE,6 7 8,FALSE,FALSE,FALSE,FALSE,FALSE,TRUE,TRUE,TRUE,4,5,3,79,15,NA,In my experience staying on top of my health and find it rewarding
female,18-34,tertiary or higher,low,region1,Rural,1 3,TRUE,FALSE,TRUE,FALSE,FALSE,3 6 7,FALSE,FALSE,TRUE,FALSE,FALSE,TRUE,TRUE,FALSE,1,3,5,106,36,Dissatisfied,In my experience staying on top of my health even if it takes effort
female,55+,secondary,high,region1,Rural,1 4,TRUE,FALSE,FALSE,TRUE,FALSE,3 4 6,FALSE,FALSE,TRUE,TRUE,FALSE,TRUE,FALSE,FALSE,5,3,2,25,14,Neutral,I often find myself learning new things depending on the season
female,35-54,tertiary or higher,high,region2,Rural,1,TRUE,FALSE,FALSE,FALSE,FALSE,2 3 6,FALSE,TRUE,TRUE,FALSE,FALSE,TRUE,FALSE,FALSE,5,4,1,55,38,Dissatisfied,I often find myself meeting up with friends though it can be difficult
female,35-54,secondary,high,region1,Rural,1,TRUE,FALSE,FALSE,FALSE,FALSE,1 6 7,TRUE,FALSE,FALSE,FALSE,FALSE,TRUE,TRUE,FALSE,4,5,4,66,32,Dissatisfied,I would say spending time with family on a regular basis
female,18-34,secondary,middle,region3,Urban,3 4,FALSE,FALSE,TRUE,TRUE,FALSE,4 6 7,FALSE,FALSE,FALSE,TRUE,FALSE,TRUE,TRUE,FALSE,1,2,1,77,36,Strongly dissatisfied,I really enjoy travelling when I can as much as I can
female,18-34,tertiary or higher,low,region3,Urban,1 3,TRUE,FALSE,TRUE,FALSE,FALSE,1 7 8,TRUE,FALSE,FALSE,FALSE,FALSE,FALSE,TRUE,TRUE,5,3,3,82,43,Neutral,In my experience staying on top of my health though it can be difficult
female,18-34,primary,low,region1,Rural,1 3 5,TRUE,FALSE,TRUE,FALSE,TRUE,1 6 8,TRUE,FALSE,FALSE,FALSE,FALSE,TRUE,FALSE,TRUE,5,5,5,95,42,Strongly dissatisfied,I really enjoy managing my schedule though it can be difficult
female,18-34,secondary,low,region1,Rural,1 3 4,TRUE,FALSE,TRUE,TRUE,FALSE,6 7,FALSE,FALSE,FALSE,FALSE,FALSE,TRUE,TRUE,FALSE,2,5,2,78,44,Strongly dissatisfied,I would say spending time with family and would recommend it
male,18-34,secondary,low,region3,Urban,1 4 5,TRUE,FALSE,FALSE,TRUE,TRUE,1 4 5,TRUE,FALSE,FALSE,TRUE,TRUE,FALSE,FALSE,FALSE,1,2,3,77,46,Dissatisfied,In my experience travelling when I can depending on the season
male,18-34,secondary,middle,region3,Urban,2 4 5,FALSE,TRUE,FALSE,TRUE,TRUE,2 5 7,FALSE,TRUE,FALSE,FALSE,TRUE,FALSE,TRUE,FALSE,5,5,2,72,27,Dissatisfied,I often find myself managing my schedule when time allows
male,35-54,secondary,low,region1,Rural,4 5,FALSE,FALSE,FALSE,TRUE,TRUE,4 5 7,FALSE,FALSE,FALSE,TRUE,TRUE,FALSE,TRUE,FALSE,3,2,4,49,28,NA,I really enjoy spending time with family more than I used to
female,35-54,secondary,middle,region1,Rural,1 3 5,TRUE,FALSE,TRUE,FALSE,TRUE,4 6 7,FALSE,FALSE,FALSE,TRUE,FALSE,TRUE,TRUE,FALSE,5,4,3,51,33,Neutral,Most of the time I reading in my spare time when time allows
male,18-34,secondary,low,region3,Urban,5,FALSE,FALSE,FALSE,FALSE,TRUE,1 3 4,TRUE,FALSE,TRUE,TRUE,FALSE,FALSE,FALSE,FALSE,5,2,2,101,43,NA,I would say cooking at home even if it takes effort
female,18-34,tertiary or higher,middle,region2,Rural,2 3 4,FALSE,TRUE,TRUE,TRUE,FALSE,1 5 7,TRUE,FALSE,FALSE,FALSE,TRUE,FALSE,TRUE,FALSE,3,3,4,103,42,Dissatisfied,I often find myself cooking at home and would recommend it
female,18-34,secondary,high,region3,Urban,1 3 4,TRUE,FALSE,TRUE,TRUE,FALSE,1 3 7,TRUE,FALSE,TRUE,FALSE,FALSE,FALSE,TRUE,FALSE,4,5,5,48,28,Strongly dissatisfied,Personally I think meeting up with friends as much as I can
male,35-54,secondary,middle,region2,Rural,2 5,FALSE,TRUE,FALSE,FALSE,TRUE,2 4 5,FALSE,TRUE,FALSE,TRUE,TRUE,FALSE,FALSE,FALSE,5,4,5,61,13,Neutral,I really enjoy learning new things even if it takes effort
female,18-34,primary,high,region1,Rural,3 4 5,FALSE,FALSE,TRUE,TRUE,TRUE,3,FALSE,FALSE,TRUE,FALSE,FALSE,FALSE,FALSE,FALSE,4,2,3,67,47,Strongly dissatisfied,I would say reading in my spare time and would recommend it
male,35-54,secondary,high,region3,Urban,4 5,FALSE,FALSE,FALSE,TRUE,TRUE,1 5 7,TRUE,FALSE,FALSE,FALSE,TRUE,FALSE,TRUE,FALSE,3,2,4,85,8,Strongly dissatisfied,Most of the time I managing my schedule whenever possible
female,35-54,tertiary or higher,middle,region3,Urban,1 3 4,TRUE,FALSE,TRUE,TRUE,FALSE,1 3 7,TRUE,FALSE,TRUE,FALSE,FALSE,FALSE,TRUE,FALSE,5,3,5,31,12,Dissatisfied,Most of the time I learning new things when time allows
male,18-34,secondary,low,region3,Urban,1 4 5,TRUE,FALSE,FALSE,TRUE,TRUE,4 5 7,FALSE,FALSE,FALSE,TRUE,TRUE,FALSE,TRUE,FALSE,3,2,5,98,32,NA,Personally I think learning new things more than I used to
male,35-54,secondary,middle,region3,Urban,2 4 5,FALSE,TRUE,FALSE,TRUE,TRUE,6 7 8,FALSE,FALSE,FALSE,FALSE,FALSE,TRUE,TRUE,TRUE,2,4,4,65,43,Strongly dissatisfied,I would say meeting up with friends depending on the season
female,18-34,tertiary or higher,high,region3,Urban,1 3,TRUE,FALSE,TRUE,FALSE,FALSE,1 2 6,TRUE,TRUE,FALSE,FALSE,FALSE,TRUE,FALSE,FALSE,4,4,1,96,31,Strongly dissatisfied,I would say managing my schedule depending on the season
male,18-34,tertiary or higher,middle,region1,Rural,4,FALSE,FALSE,FALSE,TRUE,FALSE,2 3 8,FALSE,TRUE,TRUE,FALSE,FALSE,FALSE,FALSE,TRUE,2,1,3,83,22,Strongly dissatisfied,Personally I think spending time with family and find it rewarding
female,18-34,secondary,high,region1,Rural,1 2 3,TRUE,TRUE,TRUE,FALSE,FALSE,4 6 7,FALSE,FALSE,FALSE,TRUE,FALSE,TRUE,TRUE,FALSE,3,5,1,104,10,Strongly dissatisfied,I often find myself learning new things and find it rewarding
male,35-54,secondary,low,region1,Rural,2 4 5,FALSE,TRUE,FALSE,TRUE,TRUE,1 4 7,TRUE,FALSE,FALSE,TRUE,FALSE,FALSE,TRUE,FALSE,1,3,3,37,32,Neutral,In my experience cooking at home and find it rewarding
male,18-34,tertiary or higher,high,region3,Urban,1 5,TRUE,FALSE,FALSE,FALSE,TRUE,5 7 8,FALSE,FALSE,FALSE,FALSE,TRUE,FALSE,TRUE,TRUE,2,2,2,109,36,NA,Most of the time I staying on top of my health whenever possible
female,18-34,tertiary or higher,middle,region3,Urban,1 2 4,TRUE,TRUE,FALSE,TRUE,FALSE,3 6,FALSE,FALSE,TRUE,FALSE,FALSE,TRUE,FALSE,FALSE,4,2,3,116,34,NA,I really enjoy managing my schedule on a regular basis
male,35-54,tertiary or higher,high,region3,Urban,5,FALSE,FALSE,FALSE,FALSE,TRUE,1 7 8,TRUE,FALSE,FALSE,FALSE,FALSE,FALSE,TRUE,TRUE,4,4,3,45,19,NA,I often find myself cooking at home as much as I can
female,18-34,secondary,high,region3,Urban,1 3 4,TRUE,FALSE,TRUE,TRUE,FALSE,3 6 7,FALSE,FALSE,TRUE,FALSE,FALSE,TRUE,TRUE,FALSE,5,3,1,94,44,Strongly dissatisfied,I often find myself managing my schedule more than I used to
female,18-34,secondary,middle,region3,Urban,1 3 4,TRUE,FALSE,TRUE,TRUE,FALSE,1 3 4,TRUE,FALSE,TRUE,TRUE,FALSE,FALSE,FALSE,FALSE,4,5,1,70,32,Strongly dissatisfied,Personally I think travelling when I can as much as I can
male,35-54,secondary,low,region1,Rural,4,FALSE,FALSE,FALSE,TRUE,FALSE,1 2 8,TRUE,TRUE,FALSE,FALSE,FALSE,FALSE,FALSE,TRUE,2,5,2,64,19,NA,I would say reading in my spare time and would recommend it
male,35-54,secondary,middle,region2,Rural,3 4 5,FALSE,FALSE,TRUE,TRUE,TRUE,4 5 7,FALSE,FALSE,FALSE,TRUE,TRUE,FALSE,TRUE,FALSE,3,1,4,50,27,Neutral,Most of the time I spending time with family on a regular basis
male,18-34,primary,middle,region3,Urban,1 4 5,TRUE,FALSE,FALSE,TRUE,TRUE,1 4 5,TRUE,FALSE,FALSE,TRUE,TRUE,FALSE,FALSE,FALSE,4,4,1,99,46,NA,I really enjoy reading in my spare time depending on the season
female,35-54,secondary,middle,region3,Urban,1 3 5,TRUE,FALSE,TRUE,FALSE,TRUE,3 6 7,FALSE,FALSE,TRUE,FALSE,FALSE,TRUE,TRUE,FALSE,5,3,1,88,28,Strongly dissatisfied,I would say keeping active outdoors even if it takes effort
female,35-54,secondary,high,region3,Urban,1 2 3,TRUE,TRUE,TRUE,FALSE,FALSE,2 4 6,FALSE,TRUE,FALSE,TRUE,FALSE,TRUE,FALSE,FALSE,4,5,1,89,36,Dissatisfied,Personally I think spending time with family and find it rewarding
female,35-54,tertiary or higher,low,region3,Urban,2 3 5,FALSE,TRUE,TRUE,FALSE,TRUE,3 6 7,FALSE,FALSE,TRUE,FALSE,FALSE,TRUE,TRUE,FALSE,5,4,2,57,22,Neutral,I would say managing my schedule though it can be difficult
male,18-34,secondary,middle,region3,Urban,1 5,TRUE,FALSE,FALSE,FALSE,TRUE,5 8,FALSE,FALSE,FALSE,FALSE,TRUE,FALSE,FALSE,TRUE,1,2,2,78,33,NA,In my experience staying on top of my health and would recommend it
male,18-34,secondary,high,region3,Urban,5,FALSE,FALSE,FALSE,FALSE,TRUE,4 7 8,FALSE,FALSE,FALSE,TRUE,FALSE,FALSE,TRUE,TRUE,2,3,3,84,21,NA,I often find myself learning new things even if it takes effort
male,35-54,secondary,high,region2,Rural,5,FALSE,FALSE,FALSE,FALSE,TRUE,1 5 8,TRUE,FALSE,FALSE,FALSE,TRUE,FALSE,FALSE,TRUE,1,2,5,69,38,Neutral,Most of the time I staying on top of my health on a regular basis
female,18-34,primary,middle,region2,Rural,1 3 4,TRUE,FALSE,TRUE,TRUE,FALSE,6 7 8,FALSE,FALSE,FALSE,FALSE,FALSE,TRUE,TRUE,TRUE,1,5,3,80,45,Dissatisfied,In my experience reading in my spare time on a regular basis
male,18-34,primary,low,region3,Urban,2 4,FALSE,TRUE,FALSE,TRUE,FALSE,1 4 5,TRUE,FALSE,FALSE,TRUE,TRUE,FALSE,FALSE,FALSE,1,3,4,99,47,Dissatisfied,I really enjoy managing my schedule though it can be difficult
male,35-54,primary,middle,region3,Urban,5,FALSE,FALSE,FALSE,FALSE,TRUE,2 5 7,FALSE,TRUE,FALSE,FALSE,TRUE,FALSE,TRUE,FALSE,3,2,2,41,29,NA,Personally I think meeting up with friends and would recommend it
male,35-54,secondary,low,region1,Rural,2 4 5,FALSE,TRUE,FALSE,TRUE,TRUE,3 5 7,FALSE,FALSE,TRUE,FALSE,TRUE,FALSE,TRUE,FALSE,1,3,2,64,7,NA,Most of the time I cooking at home on a regular basis
female,35-54,secondary,low,region2,Rural,1 3 4,TRUE,FALSE,TRUE,TRUE,FALSE,2 3 5,FALSE,TRUE,TRUE,FALSE,TRUE,FALSE,FALSE,FALSE,5,5,2,56,25,Neutral,I would say travelling when I can and find it rewarding
female,35-54,tertiary or higher,middle,region1,Rural,3 5,FALSE,FALSE,TRUE,FALSE,TRUE,1 3 6,TRUE,FALSE,TRUE,FALSE,FALSE,TRUE,FALSE,FALSE,2,1,1,55,28,Strongly dissatisfied,I would say reading in my spare time on a regular basis
female,18-34,secondary,low,region1,Rural,,FALSE,FALSE,FALSE,FALSE,FALSE,3 5 6,FALSE,FALSE,TRUE,FALSE,TRUE,TRUE,FALSE,FALSE,3,2,1,81,39,Strongly dissatisfied,I really enjoy learning new things on a regular basis
male,35-54,tertiary or higher,low,region1,Rural,2 5,FALSE,TRUE,FALSE,FALSE,TRUE,4 5 8,FALSE,FALSE,FALSE,TRUE,TRUE,FALSE,FALSE,TRUE,5,2,5,74,13,Neutral,Personally I think meeting up with friends when time allows
female,18-34,secondary,low,region3,Urban,1 3,TRUE,FALSE,TRUE,FALSE,FALSE,3 7 8,FALSE,FALSE,TRUE,FALSE,FALSE,FALSE,TRUE,TRUE,5,4,1,70,49,Dissatisfied,Personally I think travelling when I can depending on the season
male,35-54,primary,middle,region2,Rural,3 4 5,FALSE,FALSE,TRUE,TRUE,TRUE,5 6 7,FALSE,FALSE,FALSE,FALSE,TRUE,TRUE,TRUE,FALSE,5,1,1,76,25,NA,I would say travelling when I can and find it rewarding
female,35-54,secondary,middle,region3,Urban,1 3 5,TRUE,FALSE,TRUE,FALSE,TRUE,3 6 8,FALSE,FALSE,TRUE,FALSE,FALSE,TRUE,FALSE,TRUE,3,3,3,104,10,Neutral,I really enjoy keeping active outdoors more than I used to
female,18-34,tertiary or higher,high,region3,Urban,3 4 5,FALSE,FALSE,TRUE,TRUE,TRUE,2 3 6,FALSE,TRUE,TRUE,FALSE,FALSE,TRUE,FALSE,FALSE,5,5,2,92,32,NA,Personally I think keeping active outdoors depending on the season
female,18-34,secondary,low,region3,Urban,1 2 3,TRUE,TRUE,TRUE,FALSE,FALSE,1 3,TRUE,FALSE,TRUE,FALSE,FALSE,FALSE,FALSE,FALSE,4,5,2,75,43,Neutral,Most of the time I learning new things and find it rewarding
male,18-34,tertiary or higher,high,region3,Urban,5,FALSE,FALSE,FALSE,FALSE,TRUE,4 5 8,FALSE,FALSE,FALSE,TRUE,TRUE,FALSE,FALSE,TRUE,3,2,4,43,31,NA,Personally I think cooking at home as much as I can
female,35-54,secondary,middle,region2,Rural,1 3 4,TRUE,FALSE,TRUE,TRUE,FALSE,3 6 7,FALSE,FALSE,TRUE,FALSE,FALSE,TRUE,TRUE,FALSE,5,3,1,33,17,Dissatisfied,Personally I think managing my schedule more than I used to
female,55+,tertiary or higher,middle,region2,Rural,2 3 5,FALSE,TRUE,TRUE,FALSE,TRUE,3 6 7,FALSE,FALSE,TRUE,FALSE,FALSE,TRUE,TRUE,FALSE,5,5,2,9,28,Neutral,Most of the time I cooking at home though it can be difficult
female,18-34,secondary,middle,region1,Rural,1,TRUE,FALSE,FALSE,FALSE,FALSE,3 6 8,FALSE,FALSE,TRUE,FALSE,FALSE,TRUE,FALSE,TRUE,5,5,2,84,37,Dissatisfied,I often find myself staying on top of my health on a regular basis
male,35-54,secondary,low,region3,Urban,1 2 5,TRUE,TRUE,FALSE,FALSE,TRUE,1 7 8,TRUE,FALSE,FALSE,FALSE,FALSE,FALSE,TRUE,TRUE,1,2,3,72,12,Dissatisfied,I really enjoy meeting up with friends and find it rewarding
female,18-34,tertiary or higher,middle,region1,Rural,3,FALSE,FALSE,TRUE,FALSE,FALSE,3 7 8,FALSE,FALSE,TRUE,FALSE,FALSE,FALSE,TRUE,TRUE,1,3,4,109,25,NA,I really enjoy cooking at home on a regular basis
male,18-34,secondary,low,region3,Urban,1 2 5,TRUE,TRUE,FALSE,FALSE,TRUE,1 5 7,TRUE,FALSE,FALSE,FALSE,TRUE,FALSE,TRUE,FALSE,2,4,4,99,31,NA,Most of the time I reading in my spare time whenever possible
male,35-54,secondary,low,region3,Urban,5,FALSE,FALSE,FALSE,FALSE,TRUE,1 8,TRUE,FALSE,FALSE,FALSE,FALSE,FALSE,FALSE,TRUE,1,3,5,63,36,Strongly dissatisfied,In my experience spending time with family though it can be difficult
male,55+,tertiary or higher,high,region3,Urban,2 4,FALSE,TRUE,FALSE,TRUE,FALSE,1 4 5,TRUE,FALSE,FALSE,TRUE,TRUE,FALSE,FALSE,FALSE,3,1,1,30,18,NA,Most of the time I managing my schedule on a regular basis
female,18-34,secondary,low,region3,Urban,1 3 4,TRUE,FALSE,TRUE,TRUE,FALSE,3 6,FALSE,FALSE,TRUE,FALSE,FALSE,TRUE,FALSE,FALSE,4,4,4,88,44,Dissatisfied,Personally I think reading in my spare time and would recommend it
female,35-54,tertiary or higher,middle,region1,Rural,1 4 5,TRUE,FALSE,FALSE,TRUE,TRUE,6 7 8,FALSE,FALSE,FALSE,FALSE,FALSE,TRUE,TRUE,TRUE,5,3,4,36,30,Dissatisfied,I really enjoy spending time with family depending on the season
female,18-34,tertiary or higher,low,region2,Rural,1 3 4,TRUE,FALSE,TRUE,TRUE,FALSE,7,FALSE,FALSE,FALSE,FALSE,FALSE,FALSE,TRUE,FALSE,5,2,1,93,43,Strongly dissatisfied,Most of the time I learning new things though it can be difficult
male,18-34,secondary,low,region1,Rural,3 5,FALSE,FALSE,TRUE,FALSE,TRUE,1 3 5,TRUE,FALSE,TRUE,FALSE,TRUE,FALSE,FALSE,FALSE,2,3,3,87,42,NA,I really enjoy keeping active outdoors when time allows
male,18-34,secondary,high,region3,Urban,1 4 5,TRUE,FALSE,FALSE,TRUE,TRUE,1 7,TRUE,FALSE,FALSE,FALSE,FALSE,FALSE,TRUE,FALSE,2,4,2,116,17,NA,Personally I think spending time with family though it can be difficult
male,35-54,tertiary or higher,high,region3,Urban,1 5,TRUE,FALSE,FALSE,FALSE,TRUE,4 5 7,FALSE,FALSE,FALSE,TRUE,TRUE,FALSE,TRUE,FALSE,1,4,5,49,15,NA,I would say managing my schedule as much as I can
male,18-34,secondary,low,region3,Urban,4 5,FALSE,FALSE,FALSE,TRUE,TRUE,4 5,FALSE,FALSE,FALSE,TRUE,TRUE,FALSE,FALSE,FALSE,1,1,4,109,39,NA,In my experience managing my schedule when time allows
male,18-34,secondary,middle,region3,Urban,4 5,FALSE,FALSE,FALSE,TRUE,TRUE,1 3 4,TRUE,FALSE,TRUE,TRUE,FALSE,FALSE,FALSE,FALSE,2,2,2,97,37,Strongly dissatisfied,I really enjoy meeting up with friends and find it rewarding
female,35-54,secondary,middle,region1,Rural,1 3 4,TRUE,FALSE,TRUE,TRUE,FALSE,3 6 7,FALSE,FALSE,TRUE,FALSE,FALSE,TRUE,TRUE,FALSE,5,3,5,36,32,Strongly dissatisfied,I often find myself meeting up with friends and find it rewarding
male,35-54,tertiary or higher,middle,region3,Urban,2 4 5,FALSE,TRUE,FALSE,TRUE,TRUE,5 7 8,FALSE,FALSE,FALSE,FALSE,TRUE,FALSE,TRUE,TRUE,1,4,3,67,20,NA,I would say spending time with family as much as I can
male,18-34,tertiary or higher,high,region1,Rural,2 4 5,FALSE,TRUE,FALSE,TRUE,TRUE,6 7 8,FALSE,FALSE,FALSE,FALSE,FALSE,TRUE,TRUE,TRUE,1,3,5,68,30,NA,Most of the time I travelling when I can and would recommend it
female,18-34,secondary,middle,region3,Urban,1 3 4,TRUE,FALSE,TRUE,TRUE,FALSE,3 6 7,FALSE,FALSE,TRUE,FALSE,FALSE,TRUE,TRUE,FALSE,5,4,4,91,39,Strongly dissatisfied,I would say keeping active outdoors when time allows
female,35-54,tertiary or higher,low,region3,Urban,1 2 3,TRUE,TRUE,TRUE,FALSE,FALSE,3 4 6,FALSE,FALSE,TRUE,TRUE,FALSE,TRUE,FALSE,FALSE,1,5,5,54,33,Dissatisfied,I really enjoy spending time with family as much as I can
male,18-34,secondary,high,region1,Rural,2 4 5,FALSE,TRUE,FALSE,TRUE,TRUE,3 6 7,FALSE,FALSE,TRUE,FALSE,FALSE,TRUE,TRUE,FALSE,2,2,3,91,38,NA,I would say travelling when I can though it can be difficult
male,35-54,secondary,middle,region2,Rural,2 5,FALSE,TRUE,FALSE,FALSE,TRUE,8,FALSE,FALSE,FALSE,FALSE,FALSE,FALSE,FALSE,TRUE,1,1,5,56,16,NA,In my experience spending time with family on a regular basis
female,55+,secondary,middle,region3,Urban,3 4,FALSE,FALSE,TRUE,TRUE,FALSE,3 6 8,FALSE,FALSE,TRUE,FALSE,FALSE,TRUE,FALSE,TRUE,5,4,1,21,8,NA,I would say travelling when I can more than I used to
female,18-34,tertiary or higher,middle,region3,Urban,3 5,FALSE,FALSE,TRUE,FALSE,TRUE,2 3 4,FALSE,TRUE,TRUE,TRUE,FALSE,FALSE,FALSE,FALSE,1,5,5,101,32,Strongly dissatisfied,Personally I think travelling when I can when time allows
female,35-54,secondary,high,region1,Rural,1 4 5,TRUE,FALSE,FALSE,TRUE,TRUE,6 7,FALSE,FALSE,FALSE,FALSE,FALSE,TRUE,TRUE,FALSE,4,5,3,67,13,Dissatisfied,I often find myself keeping active outdoors more than I used to
female,18-34,secondary,low,region2,Rural,1 3,TRUE,FALSE,TRUE,FALSE,FALSE,3 6 8,FALSE,FALSE,TRUE,FALSE,FALSE,TRUE,FALSE,TRUE,4,4,2,92,44,Dissatisfied,Most of the time I spending time with family and would recommend it
female,18-34,secondary,low,region2,Rural,1 3 4,TRUE,FALSE,TRUE,TRUE,FALSE,3 5 6,FALSE,FALSE,TRUE,FALSE,TRUE,TRUE,FALSE,FALSE,1,4,3,107,48,Dissatisfied,I often find myself managing my schedule on a regular basis
female,35-54,secondary,high,region1,Rural,1 4 5,TRUE,FALSE,FALSE,TRUE,TRUE,3 5 8,FALSE,FALSE,TRUE,FALSE,TRUE,FALSE,FALSE,TRUE,5,4,5,43,34,Neutral,In my experience spending time with family on a regular basis
female,18-34,secondary,middle,region2,Rural,1 3 5,TRUE,FALSE,TRUE,FALSE,TRUE,2 6 7,FALSE,TRUE,FALSE,FALSE,FALSE,TRUE,TRUE,FALSE,2,3,3,51,34,NA,In my experience managing my schedule depending on the season
male,18-34,tertiary or higher,high,region3,Urban,5,FALSE,FALSE,FALSE,FALSE,TRUE,2 7 8,FALSE,TRUE,FALSE,FALSE,FALSE,FALSE,TRUE,TRUE,2,1,4,107,33,Neutral,I often find myself reading in my spare time and find it rewarding
female,55+,tertiary or higher,low,region1,Rural,1 2 3,TRUE,TRUE,TRUE,FALSE,FALSE,3 6,FALSE,FALSE,TRUE,FALSE,FALSE,TRUE,FALSE,FALSE,2,4,1,39,14,Strongly dissatisfied,I often find myself staying on top of my health though it can be difficult
male,18-34,tertiary or higher,low,region1,Rural,4 5,FALSE,FALSE,FALSE,TRUE,TRUE,5 6 8,FALSE,FALSE,FALSE,FALSE,TRUE,TRUE,FALSE,TRUE,2,3,5,57,46,NA,Personally I think cooking at home as much as I can
male,55+,primary,middle,region3,Urban,1 4 5,TRUE,FALSE,FALSE,TRUE,TRUE,2 5 7,FALSE,TRUE,FALSE,FALSE,TRUE,FALSE,TRUE,FALSE,3,2,4,9,10,NA,In my experience travelling when I can on a regular basis
male,55+,secondary,low,region1,Rural,2 4 5,FALSE,TRUE,FALSE,TRUE,TRUE,4 5 7,FALSE,FALSE,FALSE,TRUE,TRUE,FALSE,TRUE,FALSE,2,3,1,12,18,NA,I would say reading in my spare time as much as I can
male,18-34,tertiary or higher,high,region2,Rural,4 5,FALSE,FALSE,FALSE,TRUE,TRUE,5 6 7,FALSE,FALSE,FALSE,FALSE,TRUE,TRUE,TRUE,FALSE,4,1,1,98,37,NA,Personally I think cooking at home though it can be difficult
female,18-34,secondary,high,region3,Urban,1 2 5,TRUE,TRUE,FALSE,FALSE,TRUE,5 6 7,FALSE,FALSE,FALSE,FALSE,TRUE,TRUE,TRUE,FALSE,4,4,5,27,41,Neutral,Most of the time I meeting up with friends and find it rewarding
female,18-34,secondary,high,region2,Rural,1 3 5,TRUE,FALSE,TRUE,FALSE,TRUE,3,FALSE,FALSE,TRUE,FALSE,FALSE,FALSE,FALSE,FALSE,5,4,5,111,45,NA,Personally I think meeting up with friends though it can be difficult
male,35-54,secondary,low,region3,Urban,1 2,TRUE,TRUE,FALSE,FALSE,FALSE,1 4 5,TRUE,FALSE,FALSE,TRUE,TRUE,FALSE,FALSE,FALSE,1,2,1,48,12,NA,Personally I think spending time with family depending on the season
male,55+,tertiary or higher,low,region3,Urban,2 5,FALSE,TRUE,FALSE,FALSE,TRUE,5 7 8,FALSE,FALSE,FALSE,FALSE,TRUE,FALSE,TRUE,TRUE,1,3,5,70,9,NA,I would say learning new things even if it takes effort
male,35-54,secondary,high,region3,Urban,1 4 5,TRUE,FALSE,FALSE,TRUE,TRUE,1 5 8,TRUE,FALSE,FALSE,FALSE,TRUE,FALSE,FALSE,TRUE,1,4,5,64,15,NA,I often find myself managing my schedule depending on the season
female,35-54,tertiary or higher,low,region2,Rural,1 3 4,TRUE,FALSE,TRUE,TRUE,FALSE,3 4 6,FALSE,FALSE,TRUE,TRUE,FALSE,TRUE,FALSE,FALSE,5,5,2,46,25,Neutral,In my experience meeting up with friends when time allows
female,35-54,secondary,low,region3,Urban,1 4 5,TRUE,FALSE,FALSE,TRUE,TRUE,3 6 7,FALSE,FALSE,TRUE,FALSE,FALSE,TRUE,TRUE,FALSE,4,5,4,32,15,Strongly dissatisfied,I really enjoy travelling when I can even if it takes effort
female,35-54,tertiary or higher,middle,region1,Rural,1 4,TRUE,FALSE,FALSE,TRUE,FALSE,3 6 8,FALSE,FALSE,TRUE,FALSE,FALSE,TRUE,FALSE,TRUE,4,2,5,61,31,NA,I often find myself meeting up with friends though it can be difficult
female,18-34,tertiary or higher,middle,region1,Rural,1 3 4,TRUE,FALSE,TRUE,TRUE,FALSE,3 6 7,FALSE,FALSE,TRUE,FALSE,FALSE,TRUE,TRUE,FALSE,5,3,5,105,46,Strongly dissatisfied,Most of the time I travelling when I can though it can be difficult
female,35-54,secondary,high,region3,Urban,1 3,TRUE,FALSE,TRUE,FALSE,FALSE,3 5 6,FALSE,FALSE,TRUE,FALSE,TRUE,TRUE,FALSE,FALSE,1,5,2,17,16,Strongly dissatisfied,In my experience spending time with family though it can be difficult
female,18-34,secondary,low,region1,Rural,3 4 5,FALSE,FALSE,TRUE,TRUE,TRUE,3 4 6,FALSE,FALSE,TRUE,TRUE,FALSE,TRUE,FALSE,FALSE,5,3,3,88,35,Dissatisfied,I really enjoy travelling when I can and would recommend it
female,55+,secondary,low,region3,Urban,1 2 3,TRUE,TRUE,TRUE,FALSE,FALSE,4 6 7,FALSE,FALSE,FALSE,TRUE,FALSE,TRUE,TRUE,FALSE,4,2,5,29,8,Neutral,I really enjoy reading in my spare time whenever possible
male,18-34,tertiary or higher,high,region3,Urban,5,FALSE,FALSE,FALSE,FALSE,TRUE,1 8,TRUE,FALSE,FALSE,FALSE,FALSE,FALSE,FALSE,TRUE,3,5,5,75,40,NA,I often find myself travelling when I can though it can be difficult
female,18-34,tertiary or higher,low,region2,Rural,1 3 4,TRUE,FALSE,TRUE,TRUE,FALSE,3 6,FALSE,FALSE,TRUE,FALSE,FALSE,TRUE,FALSE,FALSE,4,3,3,69,44,Dissatisfied,Personally I think reading in my spare time and find it rewarding
male,18-34,secondary,high,region3,Urban,,FALSE,FALSE,FALSE,FALSE,FALSE,1 5 8,TRUE,FALSE,FALSE,FALSE,TRUE,FALSE,FALSE,TRUE,2,3,4,97,41,NA,I often find myself cooking at home more than I used to
male,55+,secondary,low,region2,Rural,1 5,TRUE,FALSE,FALSE,FALSE,TRUE,1 4 5,TRUE,FALSE,FALSE,TRUE,TRUE,FALSE,FALSE,FALSE,1,2,2,26,8,Dissatisfied,In my experience learning new things more than I used to
male,18-34,tertiary or higher,middle,region1,Rural,5,FALSE,FALSE,FALSE,FALSE,TRUE,2 4 5,FALSE,TRUE,FALSE,TRUE,TRUE,FALSE,FALSE,FALSE,1,2,4,101,37,NA,I really enjoy reading in my spare time when time allows
male,18-34,secondary,high,region1,Rural,4 5,FALSE,FALSE,FALSE,TRUE,TRUE,5 6 8,FALSE,FALSE,FALSE,FALSE,TRUE,TRUE,FALSE,TRUE,3,3,3,60,40,Strongly dissatisfied,I often find myself keeping active outdoors when time allows
male,18-34,secondary,low,region2,Rural,2 4,FALSE,TRUE,FALSE,TRUE,FALSE,1 5 7,TRUE,FALSE,FALSE,FALSE,TRUE,FALSE,TRUE,FALSE,3,4,3,115,33,NA,I really enjoy reading in my spare time when time allows
male,35-54,tertiary or higher,low,region3,Urban,4 5,FALSE,FALSE,FALSE,TRUE,TRUE,2 5 6,FALSE,TRUE,FALSE,FALSE,TRUE,TRUE,FALSE,FALSE,3,1,2,49,37,NA,I really enjoy reading in my spare time and find it rewarding
female,35-54,secondary,low,region3,Urban,1 3 5,TRUE,FALSE,TRUE,FALSE,TRUE,3 6 8,FALSE,FALSE,TRUE,FALSE,FALSE,TRUE,FALSE,TRUE,3,1,2,75,9,Neutral,Most of the time I meeting up with friends and find it rewarding
female,18-34,secondary,middle,region3,Urban,1 2 3,TRUE,TRUE,TRUE,FALSE,FALSE,3 6 8,FALSE,FALSE,TRUE,FALSE,FALSE,TRUE,FALSE,TRUE,3,2,2,112,35,NA,I really enjoy learning new things on a regular basis
male,18-34,tertiary or higher,high,region1,Rural,5,FALSE,FALSE,FALSE,FALSE,TRUE,1 5 8,TRUE,FALSE,FALSE,FALSE,TRUE,FALSE,FALSE,TRUE,1,4,5,107,46,NA,I would say meeting up with friends though it can be difficult
female,35-54,secondary,high,region3,Urban,1 4 5,TRUE,FALSE,FALSE,TRUE,TRUE,2 3 6,FALSE,TRUE,TRUE,FALSE,FALSE,TRUE,FALSE,FALSE,5,4,2,70,22,Neutral,Personally I think travelling when I can depending on the season
female,35-54,tertiary or higher,low,region3,Urban,1 2 4,TRUE,TRUE,FALSE,TRUE,FALSE,2 3 6,FALSE,TRUE,TRUE,FALSE,FALSE,TRUE,FALSE,FALSE,5,4,5,90,25,Strongly dissatisfied,Personally I think managing my schedule more than I used to
male,35-54,secondary,middle,region3,Urban,5,FALSE,FALSE,FALSE,FALSE,TRUE,1 4 5,TRUE,FALSE,FALSE,TRUE,TRUE,FALSE,FALSE,FALSE,3,3,2,47,23,Neutral,I often find myself staying on top of my health even if it takes effort
female,35-54,secondary,high,region3,Urban,1 3 5,TRUE,FALSE,TRUE,FALSE,TRUE,2 6 8,FALSE,TRUE,FALSE,FALSE,FALSE,TRUE,FALSE,TRUE,5,4,1,76,24,Strongly dissatisfied,I would say cooking at home and would recommend it
female,18-34,secondary,middle,region1,Rural,3 4,FALSE,FALSE,TRUE,TRUE,FALSE,4 6 8,FALSE,FALSE,FALSE,TRUE,FALSE,TRUE,FALSE,TRUE,4,4,3,97,39,Neutral,In my experience managing my schedule when time allows
male,18-34,tertiary or higher,high,region1,Rural,2 5,FALSE,TRUE,FALSE,FALSE,TRUE,1 4 7,TRUE,FALSE,FALSE,TRUE,FALSE,FALSE,TRUE,FALSE,2,2,3,53,30,Dissatisfied,Personally I think cooking at home and find it rewarding
female,35-54,tertiary or higher,middle,region1,Rural,1 4,TRUE,FALSE,FALSE,TRUE,FALSE,1 3 4,TRUE,FALSE,TRUE,TRUE,FALSE,FALSE,FALSE,FALSE,5,3,1,53,32,Dissatisfied,Personally I think staying on top of my health though it can be difficult
male,18-34,secondary,middle,region3,Urban,5,FALSE,FALSE,FALSE,FALSE,TRUE,1 4 6,TRUE,FALSE,FALSE,TRUE,FALSE,TRUE,FALSE,FALSE,5,2,3,94,42,NA,In my experience managing my schedule though it can be difficult
female,55+,tertiary or higher,low,region3,Urban,1 4 5,TRUE,FALSE,FALSE,TRUE,TRUE,4 5 7,FALSE,FALSE,FALSE,TRUE,TRUE,FALSE,TRUE,FALSE,5,4,5,56,20,NA,Personally I think staying on top of my health as much as I can
male,18-34,secondary,low,region3,Urban,5,FALSE,FALSE,FALSE,FALSE,TRUE,4 5 7,FALSE,FALSE,FALSE,TRUE,TRUE,FALSE,TRUE,FALSE,1,2,1,85,47,Neutral,I really enjoy learning new things depending on the season
female,35-54,secondary,middle,region3,Urban,1 2 3,TRUE,TRUE,TRUE,FALSE,FALSE,3 5 8,FALSE,FALSE,TRUE,FALSE,TRUE,FALSE,FALSE,TRUE,4,3,5,69,16,Neutral,In my experience staying on top of my health depending on the season
female,18-34,secondary,low,region3,Urban,1 3 5,TRUE,FALSE,TRUE,FALSE,TRUE,3 6,FALSE,FALSE,TRUE,FALSE,FALSE,TRUE,FALSE,FALSE,4,5,3,98,44,Strongly dissatisfied,Most of the time I learning new things whenever possible
female,18-34,secondary,low,region1,Rural,1 3 4,TRUE,FALSE,TRUE,TRUE,FALSE,2 5 7,FALSE,TRUE,FALSE,FALSE,TRUE,FALSE,TRUE,FALSE,1,5,3,119,40,Dissatisfied,Personally I think learning new things whenever possible
male,55+,secondary,low,region1,Rural,1 5,TRUE,FALSE,FALSE,FALSE,TRUE,2 5 7,FALSE,TRUE,FALSE,FALSE,TRUE,FALSE,TRUE,FALSE,1,2,3,30,14,NA,I would say staying on top of my health depending on the season
female,35-54,secondary,high,region1,Rural,1 3 4,TRUE,FALSE,TRUE,TRUE,FALSE,3 6,FALSE,FALSE,TRUE,FALSE,FALSE,TRUE,FALSE,FALSE,2,4,4,60,24,Dissatisfied,Most of the time I staying on top of my health though it can be difficult
male,35-54,tertiary or higher,low,region3,Urban,2 5,FALSE,TRUE,FALSE,FALSE,TRUE,2 7 8,FALSE,TRUE,FALSE,FALSE,FALSE,FALSE,TRUE,TRUE,2,2,1,73,20,NA,In my experience meeting up with friends even if it takes effort
male,18-34,secondary,low,region3,Urban,2,FALSE,TRUE,FALSE,FALSE,FALSE,2 5 6,FALSE,TRUE,FALSE,FALSE,TRUE,TRUE,FALSE,FALSE,2,4,4,86,47,Strongly dissatisfied,Most of the time I meeting up with friends more than I used to
female,18-34,secondary,middle,region3,Urban,1 3 4,TRUE,FALSE,TRUE,TRUE,FALSE,2 6 8,FALSE,TRUE,FALSE,FALSE,FALSE,TRUE,FALSE,TRUE,1,5,4,91,38,Dissatisfied,I would say reading in my spare time though it can be difficult
female,55+,tertiary or higher,high,region1,Rural,2 3 4,FALSE,TRUE,TRUE,TRUE,FALSE,2 3 6,FALSE,TRUE,TRUE,FALSE,FALSE,TRUE,FALSE,FALSE,4,4,2,15,6,Strongly dissatisfied,I really enjoy keeping active outdoors more than I used to
female,35-54,secondary,low,region1,Rural,1 3,TRUE,FALSE,TRUE,FALSE,FALSE,3 6 8,FALSE,FALSE,TRUE,FALSE,FALSE,TRUE,FALSE,TRUE,5,4,1,100,20,Dissatisfied,I often find myself spending time with family on a regular basis
female,18-34,secondary,high,region3,Urban,1 4 5,TRUE,FALSE,FALSE,TRUE,TRUE,1 3 7,TRUE,FALSE,TRUE,FALSE,FALSE,FALSE,TRUE,FALSE,4,5,2,106,42,Dissatisfied,I would say managing my schedule as much as I can
female,18-34,primary,middle,region1,Rural,2 3 4,FALSE,TRUE,TRUE,TRUE,FALSE,2 3 4,FALSE,TRUE,TRUE,TRUE,FALSE,FALSE,FALSE,FALSE,4,3,2,89,31,Strongly dissatisfied,I would say learning new things even if it takes effort
female,35-54,primary,low,region3,Urban,2 3 4,FALSE,TRUE,TRUE,TRUE,FALSE,1 3 4,TRUE,FALSE,TRUE,TRUE,FALSE,FALSE,FALSE,FALSE,4,5,2,90,30,NA,I often find myself cooking at home whenever possible
female,35-54,secondary,low,region1,Rural,1 3 4,TRUE,FALSE,TRUE,TRUE,FALSE,2 6 8,FALSE,TRUE,FALSE,FALSE,FALSE,TRUE,FALSE,TRUE,5,4,5,92,25,Neutral,I would say keeping active outdoors more than I used to
female,35-54,tertiary or higher,middle,region2,Rural,1 3 5,TRUE,FALSE,TRUE,FALSE,TRUE,3 5 6,FALSE,FALSE,TRUE,FALSE,TRUE,TRUE,FALSE,FALSE,4,5,5,46,27,NA,Most of the time I travelling when I can as much as I can
female,35-54,secondary,middle,region3,Urban,1 4 5,TRUE,FALSE,FALSE,TRUE,TRUE,6 7 8,FALSE,FALSE,FALSE,FALSE,FALSE,TRUE,TRUE,TRUE,1,5,1,50,31,Neutral,Personally I think cooking at home and find it rewarding
male,35-54,tertiary or higher,high,region1,Rural,1 5,TRUE,FALSE,FALSE,FALSE,TRUE,4 7 8,FALSE,FALSE,FALSE,TRUE,FALSE,FALSE,TRUE,TRUE,2,2,2,45,38,Dissatisfied,I would say keeping active outdoors when time allows
female,18-34,secondary,low,region1,Rural,1 3 5,TRUE,FALSE,TRUE,FALSE,TRUE,1 4 6,TRUE,FALSE,FALSE,TRUE,FALSE,TRUE,FALSE,FALSE,3,4,2,78,28,Neutral,I really enjoy staying on top of my health on a regular basis
male,18-34,secondary,low,region2,Rural,3 4,FALSE,FALSE,TRUE,TRUE,FALSE,4 5 7,FALSE,FALSE,FALSE,TRUE,TRUE,FALSE,TRUE,FALSE,1,2,5,118,28,NA,I really enjoy staying on top of my health when time allows
male,35-54,tertiary or higher,middle,region1,Rural,4 5,FALSE,FALSE,FALSE,TRUE,TRUE,4 8,FALSE,FALSE,FALSE,TRUE,FALSE,FALSE,FALSE,TRUE,3,1,4,38,39,NA,Personally I think spending time with family when time allows
male,35-54,tertiary or higher,low,region3,Urban,2 4 5,FALSE,TRUE,FALSE,TRUE,TRUE,3 4 8,FALSE,FALSE,TRUE,TRUE,FALSE,FALSE,FALSE,TRUE,2,3,1,50,32,NA,Most of the time I cooking at home and would recommend it
male,35-54,secondary,middle,region3,Urban,5,FALSE,FALSE,FALSE,FALSE,TRUE,2 3 8,FALSE,TRUE,TRUE,FALSE,FALSE,FALSE,FALSE,TRUE,2,1,1,26,26,Dissatisfied,Personally I think managing my schedule on a regular basis
female,35-54,secondary,low,region3,Urban,1 4,TRUE,FALSE,FALSE,TRUE,FALSE,2 3 5,FALSE,TRUE,TRUE,FALSE,TRUE,FALSE,FALSE,FALSE,4,4,3,66,33,Strongly dissatisfied,Most of the time I keeping active outdoors when time allows
female,18-34,secondary,low,region1,Rural,3 4,FALSE,FALSE,TRUE,TRUE,FALSE,2 6 7,FALSE,TRUE,FALSE,FALSE,FALSE,TRUE,TRUE,FALSE,4,4,1,111,26,Neutral,I often find myself learning new things as much as I can
female,35-54,secondary,low,region3,Urban,1 3 5,TRUE,FALSE,TRUE,FALSE,TRUE,1 6 8,TRUE,FALSE,FALSE,FALSE,FALSE,TRUE,FALSE,TRUE,3,5,1,58,37,Dissatisfied,I often find myself learning new things and would recommend it
female,18-34,tertiary or higher,middle,region2,Rural,1 3 4,TRUE,FALSE,TRUE,TRUE,FALSE,4 5 6,FALSE,FALSE,FALSE,TRUE,TRUE,TRUE,FALSE,FALSE,5,4,5,95,37,Dissatisfied,I often find myself spending time with family when time allows
male,35-54,secondary,high,region2,Rural,4 5,FALSE,FALSE,FALSE,TRUE,TRUE,1 4 7,TRUE,FALSE,FALSE,TRUE,FALSE,FALSE,TRUE,FALSE,1,4,2,59,26,NA,I often find myself staying on top of my health as much as I can
female,18-34,secondary,low,region1,Rural,1 3,TRUE,FALSE,TRUE,FALSE,FALSE,3 5 6,FALSE,FALSE,TRUE,FALSE,TRUE,TRUE,FALSE,FALSE,1,4,4,89,41,Strongly dissatisfied,In my experience keeping active outdoors whenever possible
female,35-54,secondary,middle,region1,Rural,1 3,TRUE,FALSE,TRUE,FALSE,FALSE,3 6 8,FALSE,FALSE,TRUE,FALSE,FALSE,TRUE,FALSE,TRUE,1,2,4,60,28,Dissatisfied,In my experience managing my schedule whenever possible
female,35-54,tertiary or higher,middle,region1,Rural,1 3 4,TRUE,FALSE,TRUE,TRUE,FALSE,2 6 7,FALSE,TRUE,FALSE,FALSE,FALSE,TRUE,TRUE,FALSE,1,5,1,44,29,NA,I would say reading in my spare time and would recommend it
male,18-34,tertiary or higher,high,region2,Rural,2 4 5,FALSE,TRUE,FALSE,TRUE,TRUE,4 7 8,FALSE,FALSE,FALSE,TRUE,FALSE,FALSE,TRUE,TRUE,1,3,2,67,26,NA,Most of the time I reading in my spare time as much as I can
female,35-54,tertiary or higher,low,region2,Rural,1 3 4,TRUE,FALSE,TRUE,TRUE,FALSE,3 4 6,FALSE,FALSE,TRUE,TRUE,FALSE,TRUE,FALSE,FALSE,2,1,4,35,38,NA,I really enjoy travelling when I can whenever possible
female,18-34,tertiary or higher,middle,region3,Urban,1 3 4,TRUE,FALSE,TRUE,TRUE,FALSE,2 3 6,FALSE,TRUE,TRUE,FALSE,FALSE,TRUE,FALSE,FALSE,4,5,1,106,37,Dissatisfied,Most of the time I travelling when I can whenever possible
female,18-34,tertiary or higher,high,region2,Rural,3 4 5,FALSE,FALSE,TRUE,TRUE,TRUE,3 5 7,FALSE,FALSE,TRUE,FALSE,TRUE,FALSE,TRUE,FALSE,3,3,3,64,47,Strongly dissatisfied,I really enjoy spending time with family when time allows
female,35-54,secondary,low,region3,Urban,1 2 3,TRUE,TRUE,TRUE,FALSE,FALSE,2 3 6,FALSE,TRUE,TRUE,FALSE,FALSE,TRUE,FALSE,FALSE,5,5,3,61,14,Neutral,In my experience travelling when I can though it can be difficult
female,35-54,tertiary or higher,low,region3,Urban,1 2 3,TRUE,TRUE,TRUE,FALSE,FALSE,4 6 7,FALSE,FALSE,FALSE,TRUE,FALSE,TRUE,TRUE,FALSE,2,4,3,45,24,Strongly dissatisfied,Personally I think travelling when I can on a regular basis
female,35-54,secondary,low,region1,Rural,1 3 4,TRUE,FALSE,TRUE,TRUE,FALSE,3 6 8,FALSE,FALSE,TRUE,FALSE,FALSE,TRUE,FALSE,TRUE,3,5,1,48,33,Dissatisfied,I often find myself keeping active outdoors as much as I can
female,35-54,secondary,high,region3,Urban,1 3,TRUE,FALSE,TRUE,FALSE,FALSE,3 4 8,FALSE,FALSE,TRUE,TRUE,FALSE,FALSE,FALSE,TRUE,4,4,4,80,23,Dissatisfied,Personally I think cooking at home though it can be difficult
female,18-34,tertiary or higher,low,region1,Rural,3 4 5,FALSE,FALSE,TRUE,TRUE,TRUE,2 4 6,FALSE,TRUE,FALSE,TRUE,FALSE,TRUE,FALSE,FALSE,3,3,3,86,47,Strongly dissatisfied,I often find myself learning new things and find it rewarding
male,55+,secondary,middle,region3,Urban,3 4 5,FALSE,FALSE,TRUE,TRUE,TRUE,4 5,FALSE,FALSE,FALSE,TRUE,TRUE,FALSE,FALSE,FALSE,3,2,2,25,7,NA,Most of the time I keeping active outdoors though it can be difficult
male,55+,primary,middle,region3,Urban,5,FALSE,FALSE,FALSE,FALSE,TRUE,1 7 8,TRUE,FALSE,FALSE,FALSE,FALSE,FALSE,TRUE,TRUE,1,5,3,40,9,Neutral,Most of the time I keeping active outdoors on a regular basis
female,35-54,secondary,middle,region2,Rural,1 4 5,TRUE,FALSE,FALSE,TRUE,TRUE,3 4 6,FALSE,FALSE,TRUE,TRUE,FALSE,TRUE,FALSE,FALSE,4,4,3,75,28,NA,Most of the time I learning new things even if it takes effort
male,18-34,secondary,low,region2,Rural,1 5,TRUE,FALSE,FALSE,FALSE,TRUE,1 2 5,TRUE,TRUE,FALSE,FALSE,TRUE,FALSE,FALSE,FALSE,5,2,2,83,37,NA,In my experience keeping active outdoors on a regular basis
male,55+,secondary,low,region1,Rural,1 5,TRUE,FALSE,FALSE,FALSE,TRUE,5 7 8,FALSE,FALSE,FALSE,FALSE,TRUE,FALSE,TRUE,TRUE,2,1,4,16,13,NA,I often find myself travelling when I can when time allows
female,18-34,primary,middle,region1,Rural,1 5,TRUE,FALSE,FALSE,FALSE,TRUE,4 5 8,FALSE,FALSE,FALSE,TRUE,TRUE,FALSE,FALSE,TRUE,5,4,3,56,45,Strongly dissatisfied,Most of the time I cooking at home more than I used to
male,35-54,secondary,middle,region2,Rural,2 5,FALSE,TRUE,FALSE,FALSE,TRUE,1 4 8,TRUE,FALSE,FALSE,TRUE,FALSE,FALSE,FALSE,TRUE,3,3,4,36,29,NA,Most of the time I cooking at home on a regular basis
male,35-54,tertiary or higher,high,region1,Rural,4 5,FALSE,FALSE,FALSE,TRUE,TRUE,1 4,TRUE,FALSE,FALSE,TRUE,FALSE,FALSE,FALSE,FALSE,2,2,2,55,23,NA,I often find myself learning new things depending on the season
female,35-54,secondary,low,region1,Rural,1 3 4,TRUE,FALSE,TRUE,TRUE,FALSE,3 6 7,FALSE,FALSE,TRUE,FALSE,FALSE,TRUE,TRUE,FALSE,5,4,2,60,36,Neutral,I would say managing my schedule more than I used to
male,35-54,tertiary or higher,high,region3,Urban,4 5,FALSE,FALSE,FALSE,TRUE,TRUE,1 5 8,TRUE,FALSE,FALSE,FALSE,TRUE,FALSE,FALSE,TRUE,1,2,1,62,32,Dissatisfied,Personally I think meeting up with friends and would recommend it
female,35-54,secondary,high,region3,Urban,1 3 5,TRUE,FALSE,TRUE,FALSE,TRUE,3 4 6,FALSE,FALSE,TRUE,TRUE,FALSE,TRUE,FALSE,FALSE,3,5,5,83,16,Neutral,Most of the time I learning new things more than I used to
female,35-54,secondary,low,region2,Rural,1 3 4,TRUE,FALSE,TRUE,TRUE,FALSE,3 4 6,FALSE,FALSE,TRUE,TRUE,FALSE,TRUE,FALSE,FALSE,4,4,1,86,23,Strongly dissatisfied,I really enjoy reading in my spare time though it can be difficult
female,18-34,secondary,middle,region3,Urban,2 3 4,FALSE,TRUE,TRUE,TRUE,FALSE,3 6 7,FALSE,FALSE,TRUE,FALSE,FALSE,TRUE,TRUE,FALSE,3,5,1,85,38,Neutral,In my experience learning new things even if it takes effort
female,18-34,tertiary or higher,low,region1,Rural,1 2 4,TRUE,TRUE,FALSE,TRUE,FALSE,3 6 8,FALSE,FALSE,TRUE,FALSE,FALSE,TRUE,FALSE,TRUE,4,5,3,95,48,Strongly dissatisfied,In my experience managing my schedule as much as I can
male,55+,secondary,high,region3,Urban,2 5,FALSE,TRUE,FALSE,FALSE,TRUE,1 7 8,TRUE,FALSE,FALSE,FALSE,FALSE,FALSE,TRUE,TRUE,3,3,5,8,8,NA,I often find myself learning new things whenever possible
female,18-34,tertiary or higher,high,region3,Urban,1 3 5,TRUE,FALSE,TRUE,FALSE,TRUE,3 4 5,FALSE,FALSE,TRUE,TRUE,TRUE,FALSE,FALSE,FALSE,1,5,1,92,39,Strongly dissatisfied,Personally I think cooking at home on a regular basis
female,35-54,secondary,low,region2,Rural,1 2 3,TRUE,TRUE,TRUE,FALSE,FALSE,3 4 6,FALSE,FALSE,TRUE,TRUE,FALSE,TRUE,FALSE,FALSE,2,3,5,40,45,Neutral,Most of the time I cooking at home more than I used to
male,18-34,secondary,high,region1,Rural,5,FALSE,FALSE,FALSE,FALSE,TRUE,2 5,FALSE,TRUE,FALSE,FALSE,TRUE,FALSE,FALSE,FALSE,1,4,2,84,36,NA,In my experience keeping active outdoors as much as I can
female,35-54,secondary,high,region1,Rural,1 2 3,TRUE,TRUE,TRUE,FALSE,FALSE,2 3 6,FALSE,TRUE,TRUE,FALSE,FALSE,TRUE,FALSE,FALSE,5,5,2,79,18,Dissatisfied,I would say learning new things and find it rewarding
female,35-54,tertiary or higher,low,region3,Urban,1 3 4,TRUE,FALSE,TRUE,TRUE,FALSE,5 7 8,FALSE,FALSE,FALSE,FALSE,TRUE,FALSE,TRUE,TRUE,3,3,4,49,26,NA,In my experience staying on top of my health whenever possible
male,35-54,tertiary or higher,low,region1,Rural,1 5,TRUE,FALSE,FALSE,FALSE,TRUE,1 2 7,TRUE,TRUE,FALSE,FALSE,FALSE,FALSE,TRUE,FALSE,3,3,4,32,6,Dissatisfied,I would say managing my schedule whenever possible
female,35-54,tertiary or higher,middle,region3,Urban,1 3 4,TRUE,FALSE,TRUE,TRUE,FALSE,3 5 6,FALSE,FALSE,TRUE,FALSE,TRUE,TRUE,FALSE,FALSE,4,4,2,64,20,Neutral,I would say travelling when I can and would recommend it
male,35-54,tertiary or higher,low,region1,Rural,2 4 5,FALSE,TRUE,FALSE,TRUE,TRUE,1 8,TRUE,FALSE,FALSE,FALSE,FALSE,FALSE,FALSE,TRUE,1,3,3,41,11,NA,In my experience staying on top of my health on a regular basis
male,35-54,secondary,low,region3,Urban,4 5,FALSE,FALSE,FALSE,TRUE,TRUE,1 5 8,TRUE,FALSE,FALSE,FALSE,TRUE,FALSE,FALSE,TRUE,3,4,5,67,24,Neutral,I often find myself keeping active outdoors and find it rewarding
female,18-34,tertiary or higher,middle,region2,Rural,1 3,TRUE,FALSE,TRUE,FALSE,FALSE,3 7 8,FALSE,FALSE,TRUE,FALSE,FALSE,FALSE,TRUE,TRUE,5,5,4,69,29,Strongly dissatisfied,Most of the time I reading in my spare time when time allows
male,35-54,primary,low,region3,Urban,4 5,FALSE,FALSE,FALSE,TRUE,TRUE,1 4 5,TRUE,FALSE,FALSE,TRUE,TRUE,FALSE,FALSE,FALSE,2,2,4,103,20,Dissatisfied,Personally I think reading in my spare time and would recommend it
male,35-54,tertiary or higher,middle,region1,Rural,4 5,FALSE,FALSE,FALSE,TRUE,TRUE,4 6 8,FALSE,FALSE,FALSE,TRUE,FALSE,TRUE,FALSE,TRUE,1,1,1,34,18,NA,Personally I think reading in my spare time and find it rewarding
male,18-34,tertiary or higher,high,region1,Rural,2 5,FALSE,TRUE,FALSE,FALSE,TRUE,4 6 7,FALSE,FALSE,FALSE,TRUE,FALSE,TRUE,TRUE,FALSE,5,2,5,109,22,Dissatisfied,I would say cooking at home whenever possible
female,35-54,secondary,high,region1,Rural,1 3 4,TRUE,FALSE,TRUE,TRUE,FALSE,3 5 6,FALSE,FALSE,TRUE,FALSE,TRUE,TRUE,FALSE,FALSE,1,4,2,67,20,Strongly dissatisfied,I really enjoy travelling when I can as much as I can
female,35-54,secondary,low,region3,Urban,1 3 4,TRUE,FALSE,TRUE,TRUE,FALSE,3 6 8,FALSE,FALSE,TRUE,FALSE,FALSE,TRUE,FALSE,TRUE,4,5,1,35,35,Dissatisfied,I often find myself managing my schedule depending on the season
female,35-54,tertiary or higher,low,region1,Rural,1 5,TRUE,FALSE,FALSE,FALSE,TRUE,2 3 7,FALSE,TRUE,TRUE,FALSE,FALSE,FALSE,TRUE,FALSE,3,4,4,59,20,Dissatisfied,Most of the time I spending time with family even if it takes effort
male,18-34,secondary,low,region3,Urban,1,TRUE,FALSE,FALSE,FALSE,FALSE,1 4 5,TRUE,FALSE,FALSE,TRUE,TRUE,FALSE,FALSE,FALSE,1,3,4,109,48,NA,I would say travelling when I can and would recommend it
female,35-54,tertiary or higher,middle,region1,Rural,1 5,TRUE,FALSE,FALSE,FALSE,TRUE,2 3 5,FALSE,TRUE,TRUE,FALSE,TRUE,FALSE,FALSE,FALSE,1,2,1,41,22,Dissatisfied,I really enjoy reading in my spare time whenever possible
female,35-54,tertiary or higher,low,region3,Urban,1 3 4,TRUE,FALSE,TRUE,TRUE,FALSE,3 6 7,FALSE,FALSE,TRUE,FALSE,FALSE,TRUE,TRUE,FALSE,3,3,2,58,24,Dissatisfied,I often find myself staying on top of my health when time allows
female,35-54,secondary,middle,region3,Urban,1 2 3,TRUE,TRUE,TRUE,FALSE,FALSE,2 6 7,FALSE,TRUE,FALSE,FALSE,FALSE,TRUE,TRUE,FALSE,5,5,4,88,31,Neutral,Personally I think spending time with family more than I used to
female,35-54,secondary,high,region3,Urban,1 2 5,TRUE,TRUE,FALSE,FALSE,TRUE,3 5 6,FALSE,FALSE,TRUE,FALSE,TRUE,TRUE,FALSE,FALSE,2,3,1,76,16,Dissatisfied,I would say cooking at home when time allows
male,18-34,tertiary or higher,low,region2,Rural,3 4,FALSE,FALSE,TRUE,TRUE,FALSE,1 2 8,TRUE,TRUE,FALSE,FALSE,FALSE,FALSE,FALSE,TRUE,2,3,2,90,41,NA,I often find myself travelling when I can when time allows
male,18-34,secondary,low,region3,Urban,5,FALSE,FALSE,FALSE,FALSE,TRUE,1 5 7,TRUE,FALSE,FALSE,FALSE,TRUE,FALSE,TRUE,FALSE,1,3,5,102,42,Neutral,Most of the time I travelling when I can and find it rewarding
female,18-34,tertiary or higher,middle,region1,Rural,1 3 4,TRUE,FALSE,TRUE,TRUE,FALSE,3 4 8,FALSE,FALSE,TRUE,TRUE,FALSE,FALSE,FALSE,TRUE,5,4,3,103,39,NA,Most of the time I cooking at home depending on the season
male,18-34,secondary,low,region1,Rural,4,FALSE,FALSE,FALSE,TRUE,FALSE,3 5 8,FALSE,FALSE,TRUE,FALSE,TRUE,FALSE,FALSE,TRUE,1,4,3,75,40,NA,I often find myself reading in my spare time when time allows
female,18-34,tertiary or higher,middle,region3,Urban,2 3 5,FALSE,TRUE,TRUE,FALSE,TRUE,1 3 6,TRUE,FALSE,TRUE,FALSE,FALSE,TRUE,FALSE,FALSE,5,5,4,61,37,NA,In my experience keeping active outdoors when time allows
male,18-34,secondary,low,region3,Urban,2 5,FALSE,TRUE,FALSE,FALSE,TRUE,1 4 6,TRUE,FALSE,FALSE,TRUE,FALSE,TRUE,FALSE,FALSE,2,4,1,99,32,NA,I would say spending time with family more than I used to
female,35-54,secondary,middle,region3,Urban,1 4,TRUE,FALSE,FALSE,TRUE,FALSE,3 6,FALSE,FALSE,TRUE,FALSE,FALSE,TRUE,FALSE,FALSE,4,3,2,81,3,Neutral,Most of the time I cooking at home on a regular basis
female,18-34,secondary,low,region1,Rural,1 4,TRUE,FALSE,FALSE,TRUE,FALSE,3 6 8,FALSE,FALSE,TRUE,FALSE,FALSE,TRUE,FALSE,TRUE,1,2,4,89,33,Strongly dissatisfied,Most of the time I cooking at home even if it takes effort
male,18-34,primary,middle,region2,Rural,4,FALSE,FALSE,FALSE,TRUE,FALSE,1 3 4,TRUE,FALSE,TRUE,TRUE,FALSE,FALSE,FALSE,FALSE,2,1,2,108,35,NA,Most of the time I spending time with family and find it rewarding
male,35-54,secondary,low,region1,Rural,,FALSE,FALSE,FALSE,FALSE,FALSE,2 5 7,FALSE,TRUE,FALSE,FALSE,TRUE,FALSE,TRUE,FALSE,3,3,4,47,21,Neutral,Most of the time I learning new things when time allows
male,35-54,secondary,middle,region3,Urban,1 4 5,TRUE,FALSE,FALSE,TRUE,TRUE,1 3 7,TRUE,FALSE,TRUE,FALSE,FALSE,FALSE,TRUE,FALSE,1,2,5,44,38,NA,I often find myself reading in my spare time on a regular basis
male,35-54,secondary,middle,region2,Rural,1 4 5,TRUE,FALSE,FALSE,TRUE,TRUE,4 7 8,FALSE,FALSE,FALSE,TRUE,FALSE,FALSE,TRUE,TRUE,3,4,3,34,30,NA,Personally I think cooking at home more than I used to
male,18-34,secondary,high,region3,Urban,,FALSE,FALSE,FALSE,FALSE,FALSE,1 3 4,TRUE,FALSE,TRUE,TRUE,FALSE,FALSE,FALSE,FALSE,4,2,4,107,41,Strongly dissatisfied,I really enjoy cooking at home when time allows
male,18-34,secondary,low,region1,Rural,1 5,TRUE,FALSE,FALSE,FALSE,TRUE,8,FALSE,FALSE,FALSE,FALSE,FALSE,FALSE,FALSE,TRUE,2,3,5,100,35,NA,I really enjoy learning new things even if it takes effort
male,35-54,secondary,middle,region3,Urban,,FALSE,FALSE,FALSE,FALSE,FALSE,4 7 8,FALSE,FALSE,FALSE,TRUE,FALSE,FALSE,TRUE,TRUE,5,2,5,56,44,NA,I often find myself learning new things depending on the season
female,35-54,tertiary or higher,high,region2,Rural,3 4 5,FALSE,FALSE,TRUE,TRUE,TRUE,1 3 6,TRUE,FALSE,TRUE,FALSE,FALSE,TRUE,FALSE,FALSE,5,4,4,67,7,Neutral,In my experience meeting up with friends depending on the season
female,35-54,secondary,low,region3,Urban,1 2 3,TRUE,TRUE,TRUE,FALSE,FALSE,1 6 8,TRUE,FALSE,FALSE,FALSE,FALSE,TRUE,FALSE,TRUE,4,4,4,35,29,Dissatisfied,In my experience staying on top of my health depending on the season
female,18-34,secondary,low,region2,Rural,2 3 4,FALSE,TRUE,TRUE,TRUE,FALSE,3 6 8,FALSE,FALSE,TRUE,FALSE,FALSE,TRUE,FALSE,TRUE,3,4,5,86,34,Dissatisfied,Most of the time I managing my schedule and would recommend it
male,18-34,tertiary or higher,high,region1,Rural,4,FALSE,FALSE,FALSE,TRUE,FALSE,3 5 8,FALSE,FALSE,TRUE,FALSE,TRUE,FALSE,FALSE,TRUE,4,3,3,65,25,Neutral,In my experience reading in my spare time and would recommend it
male,18-34,tertiary or higher,high,region1,Rural,4,FALSE,FALSE,FALSE,TRUE,FALSE,5 6 8,FALSE,FALSE,FALSE,FALSE,TRUE,TRUE,FALSE,TRUE,2,2,2,96,41,Strongly dissatisfied,I would say reading in my spare time though it can be difficult
female,18-34,secondary,high,region2,Rural,1 2 4,TRUE,TRUE,FALSE,TRUE,FALSE,2 3 6,FALSE,TRUE,TRUE,FALSE,FALSE,TRUE,FALSE,FALSE,5,4,3,101,34,Neutral,I would say reading in my spare time on a regular basis
female,35-54,secondary,low,region3,Urban,1 3,TRUE,FALSE,TRUE,FALSE,FALSE,6,FALSE,FALSE,FALSE,FALSE,FALSE,TRUE,FALSE,FALSE,3,5,5,22,33,NA,Personally I think spending time with family as much as I can
male,18-34,secondary,high,region1,Rural,4 5,FALSE,FALSE,FALSE,TRUE,TRUE,1 2 6,TRUE,TRUE,FALSE,FALSE,FALSE,TRUE,FALSE,FALSE,1,3,3,79,45,Dissatisfied,I would say staying on top of my health even if it takes effort
female,18-34,tertiary or higher,middle,region3,Urban,1 3,TRUE,FALSE,TRUE,FALSE,FALSE,3 4 6,FALSE,FALSE,TRUE,TRUE,FALSE,TRUE,FALSE,FALSE,5,5,1,83,37,Strongly dissatisfied,In my experience staying on top of my health and find it rewarding
female,18-34,primary,low,region3,Urban,1 3 4,TRUE,FALSE,TRUE,TRUE,FALSE,3 6 8,FALSE,FALSE,TRUE,FALSE,FALSE,TRUE,FALSE,TRUE,3,4,3,107,28,Neutral,In my experience staying on top of my health when time allows
male,35-54,primary,low,region1,Rural,5,FALSE,FALSE,FALSE,FALSE,TRUE,1 5 8,TRUE,FALSE,FALSE,FALSE,TRUE,FALSE,FALSE,TRUE,2,3,5,44,25,NA,Most of the time I staying on top of my health even if it takes effort
female,35-54,secondary,high,region3,Urban,1 3,TRUE,FALSE,TRUE,FALSE,FALSE,3 6 8,FALSE,FALSE,TRUE,FALSE,FALSE,TRUE,FALSE,TRUE,5,4,2,66,36,Strongly dissatisfied,Personally I think spending time with family though it can be difficult
female,55+,secondary,high,region1,Rural,1 3,TRUE,FALSE,TRUE,FALSE,FALSE,3 5 7,FALSE,FALSE,TRUE,FALSE,TRUE,FALSE,TRUE,FALSE,1,5,2,49,6,NA,In my experience cooking at home and find it rewarding
male,35-54,tertiary or higher,high,region3,Urban,1 4 5,TRUE,FALSE,FALSE,TRUE,TRUE,1 4 7,TRUE,FALSE,FALSE,TRUE,FALSE,FALSE,TRUE,FALSE,4,1,5,54,21,Neutral,Personally I think meeting up with friends even if it takes effort
male,18-34,secondary,high,region1,Rural,2 4 5,FALSE,TRUE,FALSE,TRUE,TRUE,1 5 6,TRUE,FALSE,FALSE,FALSE,TRUE,TRUE,FALSE,FALSE,1,2,5,115,43,NA,In my experience spending time with family and would recommend it
female,55+,secondary,middle,region3,Urban,3 4,FALSE,FALSE,TRUE,TRUE,FALSE,3 5 7,FALSE,FALSE,TRUE,FALSE,TRUE,FALSE,TRUE,FALSE,3,4,4,29,22,Dissatisfied,In my experience travelling when I can depending on the season
female,18-34,tertiary or higher,middle,region3,Urban,1 2 3,TRUE,TRUE,TRUE,FALSE,FALSE,5 6 8,FALSE,FALSE,FALSE,FALSE,TRUE,TRUE,FALSE,TRUE,2,3,4,66,45,NA,Most of the time I managing my schedule whenever possible
female,35-54,secondary,high,region3,Urban,1 2 3,TRUE,TRUE,TRUE,FALSE,FALSE,1 3 5,TRUE,FALSE,TRUE,FALSE,TRUE,FALSE,FALSE,FALSE,5,5,5,37,33,Strongly dissatisfied,I really enjoy meeting up with friends when time allows
female,18-34,tertiary or higher,high,region2,Rural,1 2 5,TRUE,TRUE,FALSE,FALSE,TRUE,3 4 6,FALSE,FALSE,TRUE,TRUE,FALSE,TRUE,FALSE,FALSE,5,1,4,97,27,Neutral,I often find myself learning new things on a regular basis
male,55+,secondary,low,region3,Urban,1 2,TRUE,TRUE,FALSE,FALSE,FALSE,2 5 8,FALSE,TRUE,FALSE,FALSE,TRUE,FALSE,FALSE,TRUE,5,1,2,8,2,NA,I often find myself spending time with family on a regular basis
male,35-54,primary,high,region3,Urban,2 3 5,FALSE,TRUE,TRUE,FALSE,TRUE,4 5 6,FALSE,FALSE,FALSE,TRUE,TRUE,TRUE,FALSE,FALSE,4,2,2,59,20,Strongly dissatisfied,Most of the time I cooking at home and would recommend it
female,18-34,secondary,middle,region3,Urban,2 3 5,FALSE,TRUE,TRUE,FALSE,TRUE,3 7 8,FALSE,FALSE,TRUE,FALSE,FALSE,FALSE,TRUE,TRUE,1,2,3,105,40,Strongly dissatisfied,Personally I think keeping active outdoors more than I used to
female,35-54,primary,high,region1,Rural,2 3 4,FALSE,TRUE,TRUE,TRUE,FALSE,3 6 7,FALSE,FALSE,TRUE,FALSE,FALSE,TRUE,TRUE,FALSE,4,5,1,89,34,Neutral,In my experience managing my schedule even if it takes effort
female,18-34,tertiary or higher,high,region3,Urban,1 3,TRUE,FALSE,TRUE,FALSE,FALSE,3 6 8,FALSE,FALSE,TRUE,FALSE,FALSE,TRUE,FALSE,TRUE,3,4,2,108,39,Dissatisfied,I would say meeting up with friends though it can be difficult
female,35-54,secondary,low,region3,Urban,1 3,TRUE,FALSE,TRUE,FALSE,FALSE,3 5 8,FALSE,FALSE,TRUE,FALSE,TRUE,FALSE,FALSE,TRUE,5,4,4,39,22,Strongly dissatisfied,Most of the time I reading in my spare time and find it rewarding
female,18-34,secondary,low,region2,Rural,1,TRUE,FALSE,FALSE,FALSE,FALSE,3 4 7,FALSE,FALSE,TRUE,TRUE,FALSE,FALSE,TRUE,FALSE,4,5,5,102,46,Strongly dissatisfied,I would say staying on top of my health whenever possible
female,35-54,tertiary or higher,high,region2,Rural,2 3 4,FALSE,TRUE,TRUE,TRUE,FALSE,2 3 4,FALSE,TRUE,TRUE,TRUE,FALSE,FALSE,FALSE,FALSE,5,5,3,19,11,Strongly dissatisfied,I often find myself meeting up with friends and would recommend it
male,35-54,secondary,low,region1,Rural,4,FALSE,FALSE,FALSE,TRUE,FALSE,1 4 5,TRUE,FALSE,FALSE,TRUE,TRUE,FALSE,FALSE,FALSE,4,1,5,72,31,NA,I often find myself keeping active outdoors even if it takes effort
male,35-54,secondary,high,region2,Rural,1 4 5,TRUE,FALSE,FALSE,TRUE,TRUE,1 5 8,TRUE,FALSE,FALSE,FALSE,TRUE,FALSE,FALSE,TRUE,1,3,5,41,38,NA,I really enjoy spending time with family and would recommend it
male,35-54,secondary,middle,region3,Urban,1 2 4,TRUE,TRUE,FALSE,TRUE,FALSE,1 2 7,TRUE,TRUE,FALSE,FALSE,FALSE,FALSE,TRUE,FALSE,1,2,1,79,7,Neutral,I would say cooking at home even if it takes effort
male,35-54,secondary,middle,region1,Rural,2 5,FALSE,TRUE,FALSE,FALSE,TRUE,1 6 8,TRUE,FALSE,FALSE,FALSE,FALSE,TRUE,FALSE,TRUE,2,1,1,70,30,NA,I would say meeting up with friends as much as I can
male,55+,secondary,high,region3,Urban,4 5,FALSE,FALSE,FALSE,TRUE,TRUE,4 5,FALSE,FALSE,FALSE,TRUE,TRUE,FALSE,FALSE,FALSE,2,4,4,31,24,NA,Personally I think reading in my spare time when time allows
male,35-54,tertiary or higher,high,region3,Urban,5,FALSE,FALSE,FALSE,FALSE,TRUE,4 5 7,FALSE,FALSE,FALSE,TRUE,TRUE,FALSE,TRUE,FALSE,1,2,2,40,36,NA,Personally I think spending time with family and find it rewarding
female,18-34,secondary,low,region3,Urban,1 3 5,TRUE,FALSE,TRUE,FALSE,TRUE,3 4 7,FALSE,FALSE,TRUE,TRUE,FALSE,FALSE,TRUE,FALSE,5,5,2,110,38,NA,In my experience travelling when I can when time allows
female,18-34,secondary,high,region3,Urban,1 2 4,TRUE,TRUE,FALSE,TRUE,FALSE,1 3 8,TRUE,FALSE,TRUE,FALSE,FALSE,FALSE,FALSE,TRUE,1,4,1,83,38,Dissatisfied,Personally I think travelling when I can though it can be difficult
male,35-54,secondary,low,region1,Rural,2 4 5,FALSE,TRUE,FALSE,TRUE,TRUE,6 7 8,FALSE,FALSE,FALSE,FALSE,FALSE,TRUE,TRUE,TRUE,3,2,4,62,12,Neutral,I would say reading in my spare time whenever possible
male,18-34,tertiary or higher,middle,region1,Rural,1 2 5,TRUE,TRUE,FALSE,FALSE,TRUE,2 5 8,FALSE,TRUE,FALSE,FALSE,TRUE,FALSE,FALSE,TRUE,2,1,3,69,40,Neutral,Most of the time I meeting up with friends even if it takes effort
male,55+,primary,middle,region1,Rural,1 2 4,TRUE,TRUE,FALSE,TRUE,FALSE,1 4 8,TRUE,FALSE,FALSE,TRUE,FALSE,FALSE,FALSE,TRUE,2,3,3,28,4,NA,I would say keeping active outdoors on a regular basis
female,35-54,tertiary or higher,high,region2,Rural,1 4 5,TRUE,FALSE,FALSE,TRUE,TRUE,3 6,FALSE,FALSE,TRUE,FALSE,FALSE,TRUE,FALSE,FALSE,3,5,4,61,33,Neutral,Personally I think keeping active outdoors though it can be difficult
male,18-34,secondary,high,region1,Rural,4 5,FALSE,FALSE,FALSE,TRUE,TRUE,1 4 5,TRUE,FALSE,FALSE,TRUE,TRUE,FALSE,FALSE,FALSE,4,2,4,76,40,NA,I often find myself managing my schedule when time allows
male,55+,secondary,high,region3,Urban,5,FALSE,FALSE,FALSE,FALSE,TRUE,2 4 8,FALSE,TRUE,FALSE,TRUE,FALSE,FALSE,FALSE,TRUE,2,2,1,31,10,NA,I often find myself spending time with family and find it rewarding
female,18-34,secondary,middle,region2,Rural,1 2 5,TRUE,TRUE,FALSE,FALSE,TRUE,4 6 7,FALSE,FALSE,FALSE,TRUE,FALSE,TRUE,TRUE,FALSE,4,4,3,102,41,Dissatisfied,In my experience managing my schedule and would recommend it
female,55+,secondary,middle,region1,Rural,1 2 5,TRUE,TRUE,FALSE,FALSE,TRUE,4 6 7,FALSE,FALSE,FALSE,TRUE,FALSE,TRUE,TRUE,FALSE,5,4,2,13,3,Strongly dissatisfied,In my experience reading in my spare time and would recommend it
female,35-54,secondary,low,region3,Urban,1 3 4,TRUE,FALSE,TRUE,TRUE,FALSE,4 5 6,FALSE,FALSE,FALSE,TRUE,TRUE,TRUE,FALSE,FALSE,5,4,1,77,39,Neutral,I would say cooking at home and would recommend it
female,18-34,tertiary or higher,middle,region2,Rural,1 3 4,TRUE,FALSE,TRUE,TRUE,FALSE,3 5 6,FALSE,FALSE,TRUE,FALSE,TRUE,TRUE,FALSE,FALSE,5,5,5,110,41,Dissatisfied,I would say travelling when I can when time allows
female,18-34,tertiary or higher,low,region3,Urban,3 4,FALSE,FALSE,TRUE,TRUE,FALSE,3 6 7,FALSE,FALSE,TRUE,FALSE,FALSE,TRUE,TRUE,FALSE,4,5,1,111,36,NA,I often find myself learning new things even if it takes effort
male,18-34,secondary,middle,region3,Urban,4 5,FALSE,FALSE,FALSE,TRUE,TRUE,1 7 8,TRUE,FALSE,FALSE,FALSE,FALSE,FALSE,TRUE,TRUE,5,1,3,106,32,NA,I really enjoy cooking at home and find it rewarding
male,35-54,secondary,low,region3,Urban,3 5,FALSE,FALSE,TRUE,FALSE,TRUE,1 4 5,TRUE,FALSE,FALSE,TRUE,TRUE,FALSE,FALSE,FALSE,5,4,3,42,22,Neutral,I would say reading in my spare time even if it takes effort
male,55+,secondary,high,region1,Rural,1 5,TRUE,FALSE,FALSE,FALSE,TRUE,4 5 7,FALSE,FALSE,FALSE,TRUE,TRUE,FALSE,TRUE,FALSE,4,2,1,12,12,NA,I really enjoy spending time with family depending on the season
male,35-54,secondary,middle,region1,Rural,5,FALSE,FALSE,FALSE,FALSE,TRUE,1 5 8,TRUE,FALSE,FALSE,FALSE,TRUE,FALSE,FALSE,TRUE,2,1,3,21,31,NA,Most of the time I staying on top of my health and would recommend it
female,18-34,secondary,low,region2,Rural,1 3 5,TRUE,FALSE,TRUE,FALSE,TRUE,2 3 6,FALSE,TRUE,TRUE,FALSE,FALSE,TRUE,FALSE,FALSE,5,2,2,106,35,NA,Most of the time I cooking at home as much as I can
female,18-34,secondary,middle,region3,Urban,3 5,FALSE,FALSE,TRUE,FALSE,TRUE,3 6 7,FALSE,FALSE,TRUE,FALSE,FALSE,TRUE,TRUE,FALSE,3,5,1,112,19,Strongly dissatisfied,I really enjoy staying on top of my health depending on the season
female,18-34,secondary,high,region3,Urban,3 4 5,FALSE,FALSE,TRUE,TRUE,TRUE,1 3 8,TRUE,FALSE,TRUE,FALSE,FALSE,FALSE,FALSE,TRUE,4,2,5,50,38,Strongly dissatisfied,I often find myself cooking at home whenever possible
female,18-34,tertiary or higher,low,region2,Rural,1 3,TRUE,FALSE,TRUE,FALSE,FALSE,2 3 6,FALSE,TRUE,TRUE,FALSE,FALSE,TRUE,FALSE,FALSE,4,4,1,81,38,Neutral,In my experience keeping active outdoors when time allows
male,35-54,secondary,high,region2,Rural,5,FALSE,FALSE,FALSE,FALSE,TRUE,5 6 8,FALSE,FALSE,FALSE,FALSE,TRUE,TRUE,FALSE,TRUE,2,2,4,88,15,NA,In my experience cooking at home and would recommend it
female,18-34,primary,middle,region3,Urban,1 2 3,TRUE,TRUE,TRUE,FALSE,FALSE,2 3 6,FALSE,TRUE,TRUE,FALSE,FALSE,TRUE,FALSE,FALSE,3,4,2,105,43,Strongly dissatisfied,In my experience staying on top of my health whenever possible
female,55+,tertiary or higher,low,region3,Urban,1 2,TRUE,TRUE,FALSE,FALSE,FALSE,5 6 7,FALSE,FALSE,FALSE,FALSE,TRUE,TRUE,TRUE,FALSE,4,3,1,48,6,Dissatisfied,Most of the time I managing my schedule and would recommend it
female,18-34,secondary,low,region3,Urban,1 3 4,TRUE,FALSE,TRUE,TRUE,FALSE,2 4 6,FALSE,TRUE,FALSE,TRUE,FALSE,TRUE,FALSE,FALSE,3,4,2,67,44,Dissatisfied,Personally I think reading in my spare time when time allows
female,55+,secondary,low,region1,Rural,1 3 4,TRUE,FALSE,TRUE,TRUE,FALSE,2 4 6,FALSE,TRUE,FALSE,TRUE,FALSE,TRUE,FALSE,FALSE,5,3,3,11,3,Strongly dissatisfied,In my experience cooking at home whenever possible
male,18-34,secondary,low,region2,Rural,2 5,FALSE,TRUE,FALSE,FALSE,TRUE,4 6 8,FALSE,FALSE,FALSE,TRUE,FALSE,TRUE,FALSE,TRUE,4,1,1,89,38,Neutral,Personally I think managing my schedule more than I used to
female,35-54,secondary,low,region1,Rural,1 3 5,TRUE,FALSE,TRUE,FALSE,TRUE,2 3 5,FALSE,TRUE,TRUE,FALSE,TRUE,FALSE,FALSE,FALSE,5,4,5,35,15,Dissatisfied,Most of the time I cooking at home though it can be difficult
female,35-54,secondary,high,region2,Rural,1 3 4,TRUE,FALSE,TRUE,TRUE,FALSE,1 2 5,TRUE,TRUE,FALSE,FALSE,TRUE,FALSE,FALSE,FALSE,5,4,2,28,21,Neutral,I often find myself keeping active outdoors when time allows
male,35-54,tertiary or higher,middle,region3,Urban,1 3 5,TRUE,FALSE,TRUE,FALSE,TRUE,4 5 8,FALSE,FALSE,FALSE,TRUE,TRUE,FALSE,FALSE,TRUE,4,3,2,102,16,Strongly dissatisfied,In my experience spending time with family on a regular basis
male,35-54,primary,high,region3,Urban,3 5,FALSE,FALSE,TRUE,FALSE,TRUE,1 4 7,TRUE,FALSE,FALSE,TRUE,FALSE,FALSE,TRUE,FALSE,5,2,1,44,8,Neutral,Personally I think learning new things when time allows
female,35-54,secondary,middle,region3,Urban,2 3 4,FALSE,TRUE,TRUE,TRUE,FALSE,3 6 7,FALSE,FALSE,TRUE,FALSE,FALSE,TRUE,TRUE,FALSE,5,5,4,61,28,Neutral,Most of the time I keeping active outdoors and would recommend it
female,18-34,tertiary or higher,low,region1,Rural,1 3 5,TRUE,FALSE,TRUE,FALSE,TRUE,3,FALSE,FALSE,TRUE,FALSE,FALSE,FALSE,FALSE,FALSE,4,4,2,95,46,Dissatisfied,I really enjoy meeting up with friends and would recommend it
female,18-34,tertiary or higher,low,region2,Rural,3 4 5,FALSE,FALSE,TRUE,TRUE,TRUE,4 7 8,FALSE,FALSE,FALSE,TRUE,FALSE,FALSE,TRUE,TRUE,4,2,1,106,41,Dissatisfied,I often find myself spending time with family as much as I can
female,35-54,secondary,middle,region1,Rural,1 3,TRUE,FALSE,TRUE,FALSE,FALSE,2 3 6,FALSE,TRUE,TRUE,FALSE,FALSE,TRUE,FALSE,FALSE,2,5,5,50,29,Dissatisfied,In my experience travelling when I can as much as I can
male,18-34,secondary,high,region1,Rural,2 5,FALSE,TRUE,FALSE,FALSE,TRUE,1 4 6,TRUE,FALSE,FALSE,TRUE,FALSE,TRUE,FALSE,FALSE,1,2,5,92,27,Neutral,Personally I think spending time with family whenever possible
female,18-34,secondary,low,region3,Urban,1 2 3,TRUE,TRUE,TRUE,FALSE,FALSE,3 6 7,FALSE,FALSE,TRUE,FALSE,FALSE,TRUE,TRUE,FALSE,4,5,1,99,39,Dissatisfied,Personally I think meeting up with friends and would recommend it
male,35-54,tertiary or higher,high,region3,Urban,4 5,FALSE,FALSE,FALSE,TRUE,TRUE,1 2 4,TRUE,TRUE,FALSE,TRUE,FALSE,FALSE,FALSE,FALSE,5,1,2,81,21,Neutral,Most of the time I staying on top of my health depending on the season
male,18-34,secondary,high,region1,Rural,1 5,TRUE,FALSE,FALSE,FALSE,TRUE,4 5 7,FALSE,FALSE,FALSE,TRUE,TRUE,FALSE,TRUE,FALSE,2,1,5,82,34,NA,In my experience managing my schedule whenever possible
male,18-34,secondary,low,region2,Rural,2,FALSE,TRUE,FALSE,FALSE,FALSE,1 7,TRUE,FALSE,FALSE,FALSE,FALSE,FALSE,TRUE,FALSE,2,3,3,89,39,Neutral,I really enjoy cooking at home depending on the season
male,35-54,secondary,middle,region2,Rural,2 5,FALSE,TRUE,FALSE,FALSE,TRUE,1 4 7,TRUE,FALSE,FALSE,TRUE,FALSE,FALSE,TRUE,FALSE,2,2,1,42,22,NA,Personally I think spending time with family though it can be difficult
male,35-54,secondary,low,region2,Rural,5,FALSE,FALSE,FALSE,FALSE,TRUE,4 5 8,FALSE,FALSE,FALSE,TRUE,TRUE,FALSE,FALSE,TRUE,4,3,1,31,19,NA,In my experience spending time with family and would recommend it
female,18-34,tertiary or higher,middle,region3,Urban,3 4,FALSE,FALSE,TRUE,TRUE,FALSE,3 4 6,FALSE,FALSE,TRUE,TRUE,FALSE,TRUE,FALSE,FALSE,1,3,1,85,41,Strongly dissatisfied,Personally I think travelling when I can when time allows
male,18-34,tertiary or higher,low,region3,Urban,2 4 5,FALSE,TRUE,FALSE,TRUE,TRUE,2 5 8,FALSE,TRUE,FALSE,FALSE,TRUE,FALSE,FALSE,TRUE,4,3,4,104,37,Neutral,I really enjoy staying on top of my health whenever possible
female,35-54,secondary,high,region1,Rural,1 4 5,TRUE,FALSE,FALSE,TRUE,TRUE,3 7 8,FALSE,FALSE,TRUE,FALSE,FALSE,FALSE,TRUE,TRUE,3,4,5,71,5,Strongly dissatisfied,I often find myself travelling when I can and would recommend it
male,18-34,tertiary or higher,middle,region1,Rural,5,FALSE,FALSE,FALSE,FALSE,TRUE,5 8,FALSE,FALSE,FALSE,FALSE,TRUE,FALSE,FALSE,TRUE,5,3,4,74,26,NA,Most of the time I cooking at home whenever possible
female,18-34,secondary,middle,region3,Urban,1 4,TRUE,FALSE,FALSE,TRUE,FALSE,2 3 4,FALSE,TRUE,TRUE,TRUE,FALSE,FALSE,FALSE,FALSE,3,3,4,57,44,Neutral,I really enjoy learning new things even if it takes effort
male,35-54,secondary,low,region1,Rural,2 4 5,FALSE,TRUE,FALSE,TRUE,TRUE,1 5 7,TRUE,FALSE,FALSE,FALSE,TRUE,FALSE,TRUE,FALSE,2,3,1,72,24,NA,Personally I think staying on top of my health on a regular basis
female,18-34,tertiary or higher,middle,region1,Rural,3 4 5,FALSE,FALSE,TRUE,TRUE,TRUE,3 4 8,FALSE,FALSE,TRUE,TRUE,FALSE,FALSE,FALSE,TRUE,3,3,2,82,46,Dissatisfied,I often find myself reading in my spare time and would recommend it
female,35-54,tertiary or higher,high,region3,Urban,1 3 5,TRUE,FALSE,TRUE,FALSE,TRUE,2 3 6,FALSE,TRUE,TRUE,FALSE,FALSE,TRUE,FALSE,FALSE,2,4,4,74,18,Dissatisfied,I really enjoy staying on top of my health more than I used to
male,18-34,secondary,low,region3,Urban,4 5,FALSE,FALSE,FALSE,TRUE,TRUE,1 2 6,TRUE,TRUE,FALSE,FALSE,FALSE,TRUE,FALSE,FALSE,1,2,2,50,35,NA,I really enjoy reading in my spare time when time allows
female,55+,primary,middle,region3,Urban,1 3 4,TRUE,FALSE,TRUE,TRUE,FALSE,4 6 8,FALSE,FALSE,FALSE,TRUE,FALSE,TRUE,FALSE,TRUE,2,3,4,24,2,NA,Personally I think learning new things and would recommend it
female,35-54,tertiary or higher,low,region3,Urban,1 3 5,TRUE,FALSE,TRUE,FALSE,TRUE,3 6 7,FALSE,FALSE,TRUE,FALSE,FALSE,TRUE,TRUE,FALSE,3,5,3,76,18,NA,In my experience cooking at home more than I used to
female,35-54,secondary,middle,region3,Urban,1 3 4,TRUE,FALSE,TRUE,TRUE,FALSE,4 6 8,FALSE,FALSE,FALSE,TRUE,FALSE,TRUE,FALSE,TRUE,4,5,4,85,33,Neutral,I would say reading in my spare time and find it rewarding
male,35-54,tertiary or higher,low,region3,Urban,5,FALSE,FALSE,FALSE,FALSE,TRUE,3 7 8,FALSE,FALSE,TRUE,FALSE,FALSE,FALSE,TRUE,TRUE,2,2,1,66,21,NA,In my experience managing my schedule as much as I can
male,35-54,tertiary or higher,low,region3,Urban,5,FALSE,FALSE,FALSE,FALSE,TRUE,2 5 7,FALSE,TRUE,FALSE,FALSE,TRUE,FALSE,TRUE,FALSE,1,2,1,59,18,NA,Most of the time I learning new things more than I used to
female,35-54,tertiary or higher,high,region1,Rural,1 3 4,TRUE,FALSE,TRUE,TRUE,FALSE,3 6 7,FALSE,FALSE,TRUE,FALSE,FALSE,TRUE,TRUE,FALSE,2,5,4,67,38,Neutral,In my experience spending time with family depending on the season
female,35-54,tertiary or higher,low,region3,Urban,1 2 3,TRUE,TRUE,TRUE,FALSE,FALSE,3 6 7,FALSE,FALSE,TRUE,FALSE,FALSE,TRUE,TRUE,FALSE,4,4,5,44,23,Neutral,I often find myself keeping active outdoors as much as I can
female,18-34,tertiary or higher,middle,region3,Urban,1 4 5,TRUE,FALSE,FALSE,TRUE,TRUE,4 5 6,FALSE,FALSE,FALSE,TRUE,TRUE,TRUE,FALSE,FALSE,4,2,3,109,42,Strongly dissatisfied,I would say reading in my spare time though it can be difficult
female,18-34,secondary,high,region2,Rural,1 3,TRUE,FALSE,TRUE,FALSE,FALSE,3 6,FALSE,FALSE,TRUE,FALSE,FALSE,TRUE,FALSE,FALSE,4,5,3,81,37,Strongly dissatisfied,Most of the time I staying on top of my health more than I used to
male,18-34,tertiary or higher,high,region1,Rural,5,FALSE,FALSE,FALSE,FALSE,TRUE,1 5,TRUE,FALSE,FALSE,FALSE,TRUE,FALSE,FALSE,FALSE,2,1,2,98,37,Neutral,I would say staying on top of my health and find it rewarding
female,18-34,primary,low,region3,Urban,3 4 5,FALSE,FALSE,TRUE,TRUE,TRUE,5 6 8,FALSE,FALSE,FALSE,FALSE,TRUE,TRUE,FALSE,TRUE,1,3,1,78,30,Strongly dissatisfied,Most of the time I keeping active outdoors as much as I can
female,18-34,tertiary or higher,low,region1,Rural,1 4 5,TRUE,FALSE,FALSE,TRUE,TRUE,6 7 8,FALSE,FALSE,FALSE,FALSE,FALSE,TRUE,TRUE,TRUE,1,5,3,77,43,NA,I really enjoy travelling when I can on a regular basis
female,35-54,secondary,high,region1,Rural,1 3,TRUE,FALSE,TRUE,FALSE,FALSE,1 3 8,TRUE,FALSE,TRUE,FALSE,FALSE,FALSE,FALSE,TRUE,3,4,5,103,26,Neutral,Most of the time I staying on top of my health and find it rewarding
female,35-54,tertiary or higher,high,region3,Urban,1 2 3,TRUE,TRUE,TRUE,FALSE,FALSE,6 7 8,FALSE,FALSE,FALSE,FALSE,FALSE,TRUE,TRUE,TRUE,3,2,4,27,24,NA,Most of the time I managing my schedule on a regular basis
male,35-54,secondary,high,region2,Rural,1 2 5,TRUE,TRUE,FALSE,FALSE,TRUE,7 8,FALSE,FALSE,FALSE,FALSE,FALSE,FALSE,TRUE,TRUE,2,1,4,42,12,Dissatisfied,I often find myself staying on top of my health when time allows
female,35-54,tertiary or higher,low,region3,Urban,1 3 4,TRUE,FALSE,TRUE,TRUE,FALSE,3 7 8,FALSE,FALSE,TRUE,FALSE,FALSE,FALSE,TRUE,TRUE,2,5,4,65,28,Dissatisfied,I really enjoy reading in my spare time whenever possible
female,35-54,tertiary or higher,high,region3,Urban,1 2 3,TRUE,TRUE,TRUE,FALSE,FALSE,1 3 6,TRUE,FALSE,TRUE,FALSE,FALSE,TRUE,FALSE,FALSE,2,5,5,59,35,Strongly dissatisfied,Most of the time I keeping active outdoors though it can be difficult
male,55+,secondary,middle,region1,Rural,4 5,FALSE,FALSE,FALSE,TRUE,TRUE,5 8,FALSE,FALSE,FALSE,FALSE,TRUE,FALSE,FALSE,TRUE,2,3,3,23,24,NA,Most of the time I travelling when I can and find it rewarding
female,18-34,tertiary or higher,low,region2,Rural,1 3,TRUE,FALSE,TRUE,FALSE,FALSE,3 6 8,FALSE,FALSE,TRUE,FALSE,FALSE,TRUE,FALSE,TRUE,5,4,5,107,47,Dissatisfied,I really enjoy reading in my spare time and find it rewarding
female,35-54,secondary,middle,region1,Rural,4 5,FALSE,FALSE,FALSE,TRUE,TRUE,2 5 8,FALSE,TRUE,FALSE,FALSE,TRUE,FALSE,FALSE,TRUE,5,4,5,91,13,Neutral,Personally I think reading in my spare time though it can be difficult
male,55+,tertiary or higher,low,region3,Urban,4 5,FALSE,FALSE,FALSE,TRUE,TRUE,5 7 8,FALSE,FALSE,FALSE,FALSE,TRUE,FALSE,TRUE,TRUE,2,3,2,45,12,NA,I often find myself cooking at home though it can be difficult
male,18-34,secondary,high,region3,Urban,5,FALSE,FALSE,FALSE,FALSE,TRUE,4 7,FALSE,FALSE,FALSE,TRUE,FALSE,FALSE,TRUE,FALSE,1,3,2,85,47,NA,I really enjoy cooking at home depending on the season
female,18-34,primary,low,region3,Urban,1 3 4,TRUE,FALSE,TRUE,TRUE,FALSE,3 7 8,FALSE,FALSE,TRUE,FALSE,FALSE,FALSE,TRUE,TRUE,4,5,3,85,43,Dissatisfied,I really enjoy learning new things even if it takes effort
male,18-34,secondary,low,region1,Rural,4 5,FALSE,FALSE,FALSE,TRUE,TRUE,4 5 7,FALSE,FALSE,FALSE,TRUE,TRUE,FALSE,TRUE,FALSE,2,1,1,90,35,Dissatisfied,I often find myself staying on top of my health depending on the season
male,18-34,secondary,low,region3,Urban,4 5,FALSE,FALSE,FALSE,TRUE,TRUE,2 5 6,FALSE,TRUE,FALSE,FALSE,TRUE,TRUE,FALSE,FALSE,1,3,3,77,42,NA,Personally I think staying on top of my health on a regular basis
female,55+,secondary,middle,region1,Rural,2 4 5,FALSE,TRUE,FALSE,TRUE,TRUE,3 5 6,FALSE,FALSE,TRUE,FALSE,TRUE,TRUE,FALSE,FALSE,5,5,4,55,8,Neutral,I really enjoy cooking at home as much as I can
female,55+,tertiary or higher,high,region3,Urban,1 3 5,TRUE,FALSE,TRUE,FALSE,TRUE,3 4 6,FALSE,FALSE,TRUE,TRUE,FALSE,TRUE,FALSE,FALSE,5,5,5,26,4,Dissatisfied,I often find myself travelling when I can more than I used to
female,18-34,tertiary or higher,low,region1,Rural,1 3,TRUE,FALSE,TRUE,FALSE,FALSE,1 5 8,TRUE,FALSE,FALSE,FALSE,TRUE,FALSE,FALSE,TRUE,5,2,1,56,36,Strongly dissatisfied,Most of the time I spending time with family though it can be difficult
female,35-54,tertiary or higher,high,region3,Urban,1 2 3,TRUE,TRUE,TRUE,FALSE,FALSE,3 6,FALSE,FALSE,TRUE,FALSE,FALSE,TRUE,FALSE,FALSE,3,4,2,71,32,Neutral,Most of the time I spending time with family depending on the season
female,35-54,secondary,high,region2,Rural,1 4,TRUE,FALSE,FALSE,TRUE,FALSE,2 6 7,FALSE,TRUE,FALSE,FALSE,FALSE,TRUE,TRUE,FALSE,5,4,1,34,22,Strongly dissatisfied,In my experience managing my schedule even if it takes effort
female,35-54,secondary,low,region3,Urban,1 3 4,TRUE,FALSE,TRUE,TRUE,FALSE,3 8,FALSE,FALSE,TRUE,FALSE,FALSE,FALSE,FALSE,TRUE,4,5,4,60,33,Strongly dissatisfied,Most of the time I travelling when I can more than I used to
male,35-54,tertiary or higher,high,region3,Urban,2 3,FALSE,TRUE,TRUE,FALSE,FALSE,4 5 6,FALSE,FALSE,FALSE,TRUE,TRUE,TRUE,FALSE,FALSE,5,1,1,53,26,Neutral,In my experience keeping active outdoors when time allows
female,35-54,tertiary or higher,low,region3,Urban,1 2,TRUE,TRUE,FALSE,FALSE,FALSE,2 3 6,FALSE,TRUE,TRUE,FALSE,FALSE,TRUE,FALSE,FALSE,3,5,2,48,27,Strongly dissatisfied,Most of the time I staying on top of my health depending on the season
male,35-54,tertiary or higher,middle,region1,Rural,,FALSE,FALSE,FALSE,FALSE,FALSE,1 4 7,TRUE,FALSE,FALSE,TRUE,FALSE,FALSE,TRUE,FALSE,1,1,4,57,26,Neutral,In my experience keeping active outdoors when time allows
female,18-34,tertiary or higher,middle,region2,Rural,1 3 5,TRUE,FALSE,TRUE,FALSE,TRUE,3 5 7,FALSE,FALSE,TRUE,FALSE,TRUE,FALSE,TRUE,FALSE,1,4,4,95,45,Dissatisfied,In my experience meeting up with friends even if it takes effort
female,18-34,secondary,high,region1,Rural,1 2 3,TRUE,TRUE,TRUE,FALSE,FALSE,2 4 5,FALSE,TRUE,FALSE,TRUE,TRUE,FALSE,FALSE,FALSE,5,3,4,64,35,Strongly dissatisfied,I would say cooking at home more than I used to
